Timestamp,Step,train_loss,val_loss,time_ms,tokens_per_second,learning_rate
2025-03-28T13:19:54,0,NA,17.599991,NA,NA,NA
2025-03-28T13:30:43,0,18.196983,NA,NA,NA,NA
2025-03-28T13:30:43,0,NA,NA,34039.973786,NA,NA
2025-03-28T13:30:43,0,NA,NA,NA,7.520570,NA
2025-03-28T13:30:43,0,NA,NA,NA,NA,0.001000
2025-03-28T13:31:16,1,17.749084,NA,NA,NA,NA
2025-03-28T13:31:16,1,NA,NA,32105.784405,NA,NA
2025-03-28T13:31:16,1,NA,NA,NA,7.973641,NA
2025-03-28T13:31:16,1,NA,NA,NA,NA,0.001000
2025-03-28T13:31:44,2,18.299778,NA,NA,NA,NA
2025-03-28T13:31:44,2,NA,NA,27171.978248,NA,NA
2025-03-28T13:31:44,2,NA,NA,NA,9.421471,NA
2025-03-28T13:31:44,2,NA,NA,NA,NA,0.001000
2025-03-28T13:32:11,3,18.595285,NA,NA,NA,NA
2025-03-28T13:32:11,3,NA,NA,26948.016914,NA,NA
2025-03-28T13:32:11,3,NA,NA,NA,9.499771,NA
2025-03-28T13:32:11,3,NA,NA,NA,NA,0.001000
2025-03-28T13:32:38,4,18.313404,NA,NA,NA,NA
2025-03-28T13:32:38,4,NA,NA,26908.895937,NA,NA
2025-03-28T13:32:38,4,NA,NA,NA,9.513582,NA
2025-03-28T13:32:38,4,NA,NA,NA,NA,0.001000
2025-03-28T13:33:06,5,18.461817,NA,NA,NA,NA
2025-03-28T13:33:06,5,NA,NA,27082.304271,NA,NA
2025-03-28T13:33:06,5,NA,NA,NA,9.452667,NA
2025-03-28T13:33:06,5,NA,NA,NA,NA,0.001000
2025-03-28T13:33:34,6,18.971558,NA,NA,NA,NA
2025-03-28T13:33:34,6,NA,NA,27061.169579,NA,NA
2025-03-28T13:33:34,6,NA,NA,NA,9.460050,NA
2025-03-28T13:33:34,6,NA,NA,NA,NA,0.001000
2025-03-28T13:34:02,7,17.512184,NA,NA,NA,NA
2025-03-28T13:34:02,7,NA,NA,27096.728912,NA,NA
2025-03-28T13:34:02,7,NA,NA,NA,9.447635,NA
2025-03-28T13:34:02,7,NA,NA,NA,NA,0.001000
2025-03-28T13:34:29,8,18.628542,NA,NA,NA,NA
2025-03-28T13:34:29,8,NA,NA,27201.394885,NA,NA
2025-03-28T13:34:29,8,NA,NA,NA,9.411283,NA
2025-03-28T13:34:29,8,NA,NA,NA,NA,0.000999
2025-03-28T13:34:58,9,16.471647,NA,NA,NA,NA
2025-03-28T13:34:58,9,NA,NA,27565.969321,NA,NA
2025-03-28T13:34:58,9,NA,NA,NA,9.286813,NA
2025-03-28T13:34:58,9,NA,NA,NA,NA,0.000999
2025-03-28T13:35:39,10,NA,17.000000,NA,NA,NA
2025-03-28T13:36:07,10,18.050154,NA,NA,NA,NA
2025-03-28T13:36:07,10,NA,NA,27702.875143,NA,NA
2025-03-28T13:36:07,10,NA,NA,NA,9.240918,NA
2025-03-28T13:36:07,10,NA,NA,NA,NA,0.000999
2025-03-28T13:36:36,11,18.258295,NA,NA,NA,NA
2025-03-28T13:36:36,11,NA,NA,27654.358371,NA,NA
2025-03-28T13:36:36,11,NA,NA,NA,9.257131,NA
2025-03-28T13:36:36,11,NA,NA,NA,NA,0.000999
2025-03-28T13:37:04,12,18.835970,NA,NA,NA,NA
2025-03-28T13:37:04,12,NA,NA,27261.383635,NA,NA
2025-03-28T13:37:04,12,NA,NA,NA,9.390573,NA
2025-03-28T13:37:04,12,NA,NA,NA,NA,0.000999
2025-03-28T13:37:32,13,19.021769,NA,NA,NA,NA
2025-03-28T13:37:32,13,NA,NA,27234.751568,NA,NA
2025-03-28T13:37:32,13,NA,NA,NA,9.399755,NA
2025-03-28T13:37:32,13,NA,NA,NA,NA,0.000998
2025-03-28T13:38:00,14,18.463560,NA,NA,NA,NA
2025-03-28T13:38:00,14,NA,NA,27281.534480,NA,NA
2025-03-28T13:38:00,14,NA,NA,NA,9.383636,NA
2025-03-28T13:38:00,14,NA,NA,NA,NA,0.000998
2025-03-28T13:38:27,15,18.951567,NA,NA,NA,NA
2025-03-28T13:38:27,15,NA,NA,27208.551015,NA,NA
2025-03-28T13:38:27,15,NA,NA,NA,9.408807,NA
2025-03-28T13:38:27,15,NA,NA,NA,NA,0.000998
2025-03-28T13:38:55,16,17.536961,NA,NA,NA,NA
2025-03-28T13:38:55,16,NA,NA,27204.365210,NA,NA
2025-03-28T13:38:55,16,NA,NA,NA,9.410254,NA
2025-03-28T13:38:55,16,NA,NA,NA,NA,0.000997
2025-03-28T13:39:23,17,17.935751,NA,NA,NA,NA
2025-03-28T13:39:23,17,NA,NA,27206.784666,NA,NA
2025-03-28T13:39:23,17,NA,NA,NA,9.409418,NA
2025-03-28T13:39:23,17,NA,NA,NA,NA,0.000997
2025-03-28T13:39:51,18,18.354704,NA,NA,NA,NA
2025-03-28T13:39:51,18,NA,NA,26989.231262,NA,NA
2025-03-28T13:39:51,18,NA,NA,NA,9.485265,NA
2025-03-28T13:39:51,18,NA,NA,NA,NA,0.000997
2025-03-28T13:40:18,19,17.657614,NA,NA,NA,NA
2025-03-28T13:40:18,19,NA,NA,26979.717289,NA,NA
2025-03-28T13:40:18,19,NA,NA,NA,9.488609,NA
2025-03-28T13:40:18,19,NA,NA,NA,NA,0.000996
2025-03-28T13:40:59,20,NA,18.199997,NA,NA,NA
2025-03-28T13:52:57,20,17.603521,NA,NA,NA,NA
2025-03-28T13:52:57,20,NA,NA,27847.286292,NA,NA
2025-03-28T13:52:57,20,NA,NA,NA,9.192996,NA
2025-03-28T13:52:57,20,NA,NA,NA,NA,0.000996
2025-03-28T13:53:26,21,18.698982,NA,NA,NA,NA
2025-03-28T13:53:26,21,NA,NA,27991.793884,NA,NA
2025-03-28T13:53:26,21,NA,NA,NA,9.145537,NA
2025-03-28T13:53:26,21,NA,NA,NA,NA,0.000996
2025-03-28T13:53:54,22,17.926086,NA,NA,NA,NA
2025-03-28T13:53:54,22,NA,NA,26865.064717,NA,NA
2025-03-28T13:53:54,22,NA,NA,NA,9.529104,NA
2025-03-28T13:53:54,22,NA,NA,NA,NA,0.000995
2025-03-28T13:54:21,23,17.500154,NA,NA,NA,NA
2025-03-28T13:54:21,23,NA,NA,27222.187591,NA,NA
2025-03-28T13:54:21,23,NA,NA,NA,9.404094,NA
2025-03-28T13:54:21,23,NA,NA,NA,NA,0.000995
2025-03-28T13:54:50,24,18.387285,NA,NA,NA,NA
2025-03-28T13:54:50,24,NA,NA,27130.961414,NA,NA
2025-03-28T13:54:50,24,NA,NA,NA,9.435715,NA
2025-03-28T13:54:50,24,NA,NA,NA,NA,0.000994
2025-03-28T13:55:18,25,16.248947,NA,NA,NA,NA
2025-03-28T13:55:18,25,NA,NA,26985.875873,NA,NA
2025-03-28T13:55:18,25,NA,NA,NA,9.486444,NA
2025-03-28T13:55:18,25,NA,NA,NA,NA,0.000994
2025-03-28T13:55:46,26,18.508541,NA,NA,NA,NA
2025-03-28T13:55:46,26,NA,NA,26902.179889,NA,NA
2025-03-28T13:55:46,26,NA,NA,NA,9.515958,NA
2025-03-28T13:55:46,26,NA,NA,NA,NA,0.000993
2025-03-28T13:56:14,27,19.827486,NA,NA,NA,NA
2025-03-28T13:56:14,27,NA,NA,27044.096008,NA,NA
2025-03-28T13:56:14,27,NA,NA,NA,9.466022,NA
2025-03-28T13:56:14,27,NA,NA,NA,NA,0.000993
2025-03-28T13:56:42,28,17.534426,NA,NA,NA,NA
2025-03-28T13:56:42,28,NA,NA,27087.484498,NA,NA
2025-03-28T13:56:42,28,NA,NA,NA,9.450859,NA
2025-03-28T13:56:42,28,NA,NA,NA,NA,0.000992
2025-03-28T13:57:08,29,18.666916,NA,NA,NA,NA
2025-03-28T13:57:08,29,NA,NA,26727.494343,NA,NA
2025-03-28T13:57:08,29,NA,NA,NA,9.578152,NA
2025-03-28T13:57:08,29,NA,NA,NA,NA,0.000992
2025-03-28T13:57:49,30,NA,17.599991,NA,NA,NA
2025-03-28T13:58:17,30,17.845713,NA,NA,NA,NA
2025-03-28T13:58:17,30,NA,NA,27425.981255,NA,NA
2025-03-28T13:58:17,30,NA,NA,NA,9.334215,NA
2025-03-28T13:58:17,30,NA,NA,NA,NA,0.000991
2025-03-28T13:58:45,31,19.104286,NA,NA,NA,NA
2025-03-28T13:58:45,31,NA,NA,26986.932315,NA,NA
2025-03-28T13:58:45,31,NA,NA,NA,9.486073,NA
2025-03-28T13:58:45,31,NA,NA,NA,NA,0.000991
2025-03-28T13:59:13,32,17.686598,NA,NA,NA,NA
2025-03-28T13:59:13,32,NA,NA,26870.553262,NA,NA
2025-03-28T13:59:13,32,NA,NA,NA,9.527158,NA
2025-03-28T13:59:13,32,NA,NA,NA,NA,0.000990
2025-03-28T13:59:40,33,17.606155,NA,NA,NA,NA
2025-03-28T13:59:40,33,NA,NA,26907.252097,NA,NA
2025-03-28T13:59:40,33,NA,NA,NA,9.514164,NA
2025-03-28T13:59:40,33,NA,NA,NA,NA,0.000989
2025-03-28T14:00:08,34,17.453547,NA,NA,NA,NA
2025-03-28T14:00:08,34,NA,NA,26964.560555,NA,NA
2025-03-28T14:00:08,34,NA,NA,NA,9.493943,NA
2025-03-28T14:00:08,34,NA,NA,NA,NA,0.000989
2025-03-28T14:00:36,35,18.577116,NA,NA,NA,NA
2025-03-28T14:00:36,35,NA,NA,26838.612004,NA,NA
2025-03-28T14:00:36,35,NA,NA,NA,9.538496,NA
2025-03-28T14:00:36,35,NA,NA,NA,NA,0.000988
2025-03-28T14:01:03,36,17.935413,NA,NA,NA,NA
2025-03-28T14:01:03,36,NA,NA,26720.181755,NA,NA
2025-03-28T14:01:03,36,NA,NA,NA,9.580773,NA
2025-03-28T14:01:03,36,NA,NA,NA,NA,0.000987
2025-03-28T14:01:31,37,18.476477,NA,NA,NA,NA
2025-03-28T14:01:31,37,NA,NA,27368.833302,NA,NA
2025-03-28T14:01:31,37,NA,NA,NA,9.353705,NA
2025-03-28T14:01:31,37,NA,NA,NA,NA,0.000987
2025-03-28T14:01:59,38,17.837492,NA,NA,NA,NA
2025-03-28T14:01:59,38,NA,NA,26757.555992,NA,NA
2025-03-28T14:01:59,38,NA,NA,NA,9.567391,NA
2025-03-28T14:01:59,38,NA,NA,NA,NA,0.000986
2025-03-28T14:02:27,39,18.539631,NA,NA,NA,NA
2025-03-28T14:02:27,39,NA,NA,26848.035432,NA,NA
2025-03-28T14:02:27,39,NA,NA,NA,9.535149,NA
2025-03-28T14:02:27,39,NA,NA,NA,NA,0.000985
2025-03-28T14:03:06,40,NA,17.399994,NA,NA,NA
2025-03-28T14:12:00,40,18.589603,NA,NA,NA,NA
2025-03-28T14:12:00,40,NA,NA,26885.050160,NA,NA
2025-03-28T14:12:00,40,NA,NA,NA,9.522020,NA
2025-03-28T14:12:00,40,NA,NA,NA,NA,0.000984
2025-03-28T14:12:30,41,19.362097,NA,NA,NA,NA
2025-03-28T14:12:30,41,NA,NA,28726.213367,NA,NA
2025-03-28T14:12:30,41,NA,NA,NA,8.911721,NA
2025-03-28T14:12:30,41,NA,NA,NA,NA,0.000984
2025-03-28T14:12:59,42,18.121134,NA,NA,NA,NA
2025-03-28T14:12:59,42,NA,NA,27588.194744,NA,NA
2025-03-28T14:12:59,42,NA,NA,NA,9.279331,NA
2025-03-28T14:12:59,42,NA,NA,NA,NA,0.000983
2025-03-28T14:13:28,43,18.109453,NA,NA,NA,NA
2025-03-28T14:13:28,43,NA,NA,27974.692792,NA,NA
2025-03-28T14:13:28,43,NA,NA,NA,9.151128,NA
2025-03-28T14:13:28,43,NA,NA,NA,NA,0.000982
2025-03-28T14:13:57,44,18.782415,NA,NA,NA,NA
2025-03-28T14:13:57,44,NA,NA,27458.562581,NA,NA
2025-03-28T14:13:57,44,NA,NA,NA,9.323139,NA
2025-03-28T14:13:57,44,NA,NA,NA,NA,0.000981
2025-03-28T14:14:24,45,19.540085,NA,NA,NA,NA
2025-03-28T14:14:24,45,NA,NA,26984.114774,NA,NA
2025-03-28T14:14:24,45,NA,NA,NA,9.487063,NA
2025-03-28T14:14:24,45,NA,NA,NA,NA,0.000980
2025-03-28T14:14:52,46,18.065844,NA,NA,NA,NA
2025-03-28T14:14:52,46,NA,NA,27326.958332,NA,NA
2025-03-28T14:14:52,46,NA,NA,NA,9.368038,NA
2025-03-28T14:14:52,46,NA,NA,NA,NA,0.000979
2025-03-28T14:15:20,47,16.815065,NA,NA,NA,NA
2025-03-28T14:15:20,47,NA,NA,26730.715733,NA,NA
2025-03-28T14:15:20,47,NA,NA,NA,9.576998,NA
2025-03-28T14:15:20,47,NA,NA,NA,NA,0.000978
2025-03-28T14:15:48,48,18.587454,NA,NA,NA,NA
2025-03-28T14:15:48,48,NA,NA,26869.242339,NA,NA
2025-03-28T14:15:48,48,NA,NA,NA,9.527622,NA
2025-03-28T14:15:48,48,NA,NA,NA,NA,0.000977
2025-03-28T14:16:17,49,18.451790,NA,NA,NA,NA
2025-03-28T14:16:17,49,NA,NA,27301.241438,NA,NA
2025-03-28T14:16:17,49,NA,NA,NA,9.376863,NA
2025-03-28T14:16:17,49,NA,NA,NA,NA,0.000976
2025-03-28T14:16:56,50,NA,17.599991,NA,NA,NA
2025-03-28T14:17:25,50,17.378878,NA,NA,NA,NA
2025-03-28T14:17:25,50,NA,NA,26966.950609,NA,NA
2025-03-28T14:17:25,50,NA,NA,NA,9.493101,NA
2025-03-28T14:17:25,50,NA,NA,NA,NA,0.000976
2025-03-28T14:17:53,51,19.317829,NA,NA,NA,NA
2025-03-28T14:17:53,51,NA,NA,26868.472053,NA,NA
2025-03-28T14:17:53,51,NA,NA,NA,9.527896,NA
2025-03-28T14:17:53,51,NA,NA,NA,NA,0.000975
2025-03-28T14:18:20,52,16.594503,NA,NA,NA,NA
2025-03-28T14:18:20,52,NA,NA,27217.615434,NA,NA
2025-03-28T14:18:20,52,NA,NA,NA,9.405673,NA
2025-03-28T14:18:20,52,NA,NA,NA,NA,0.000974
2025-03-28T14:18:47,53,17.775993,NA,NA,NA,NA
2025-03-28T14:18:47,53,NA,NA,26368.767082,NA,NA
2025-03-28T14:18:47,53,NA,NA,NA,9.708455,NA
2025-03-28T14:18:47,53,NA,NA,NA,NA,0.000973
2025-03-28T14:19:16,54,18.744614,NA,NA,NA,NA
2025-03-28T14:19:16,54,NA,NA,26759.360351,NA,NA
2025-03-28T14:19:16,54,NA,NA,NA,9.566746,NA
2025-03-28T14:19:16,54,NA,NA,NA,NA,0.000971
2025-03-28T14:19:43,55,17.654047,NA,NA,NA,NA
2025-03-28T14:19:43,55,NA,NA,27100.533316,NA,NA
2025-03-28T14:19:43,55,NA,NA,NA,9.446308,NA
2025-03-28T14:19:43,55,NA,NA,NA,NA,0.000970
2025-03-28T14:20:11,56,17.166147,NA,NA,NA,NA
2025-03-28T14:20:11,56,NA,NA,26692.355487,NA,NA
2025-03-28T14:20:11,56,NA,NA,NA,9.590761,NA
2025-03-28T14:20:11,56,NA,NA,NA,NA,0.000969
2025-03-28T14:20:39,57,17.092297,NA,NA,NA,NA
2025-03-28T14:20:39,57,NA,NA,26688.822234,NA,NA
2025-03-28T14:20:39,57,NA,NA,NA,9.592031,NA
2025-03-28T14:20:39,57,NA,NA,NA,NA,0.000968
2025-03-28T14:21:07,58,17.659836,NA,NA,NA,NA
2025-03-28T14:21:07,58,NA,NA,26925.897277,NA,NA
2025-03-28T14:21:07,58,NA,NA,NA,9.507575,NA
2025-03-28T14:21:07,58,NA,NA,NA,NA,0.000967
2025-03-28T14:21:35,59,19.574358,NA,NA,NA,NA
2025-03-28T14:21:35,59,NA,NA,26703.296983,NA,NA
2025-03-28T14:21:35,59,NA,NA,NA,9.586831,NA
2025-03-28T14:21:35,59,NA,NA,NA,NA,0.000966
2025-03-28T14:22:15,60,NA,17.799988,NA,NA,NA
2025-03-28T14:31:09,60,18.311316,NA,NA,NA,NA
2025-03-28T14:31:09,60,NA,NA,27280.795286,NA,NA
2025-03-28T14:31:09,60,NA,NA,NA,9.383891,NA
2025-03-28T14:31:09,60,NA,NA,NA,NA,0.000965
2025-03-28T14:31:37,61,17.976795,NA,NA,NA,NA
2025-03-28T14:31:37,61,NA,NA,26480.111553,NA,NA
2025-03-28T14:31:37,61,NA,NA,NA,9.667633,NA
2025-03-28T14:31:37,61,NA,NA,NA,NA,0.000964
2025-03-28T14:32:05,62,17.444220,NA,NA,NA,NA
2025-03-28T14:32:05,62,NA,NA,26456.575276,NA,NA
2025-03-28T14:32:05,62,NA,NA,NA,9.676233,NA
2025-03-28T14:32:05,62,NA,NA,NA,NA,0.000963
2025-03-28T14:32:31,63,18.482962,NA,NA,NA,NA
2025-03-28T14:32:31,63,NA,NA,26443.935142,NA,NA
2025-03-28T14:32:31,63,NA,NA,NA,9.680859,NA
2025-03-28T14:32:31,63,NA,NA,NA,NA,0.000961
2025-03-28T14:32:59,64,20.047396,NA,NA,NA,NA
2025-03-28T14:32:59,64,NA,NA,26429.554551,NA,NA
2025-03-28T14:32:59,64,NA,NA,NA,9.686126,NA
2025-03-28T14:32:59,64,NA,NA,NA,NA,0.000960
2025-03-28T14:33:27,65,17.686337,NA,NA,NA,NA
2025-03-28T14:33:27,65,NA,NA,26553.328871,NA,NA
2025-03-28T14:33:27,65,NA,NA,NA,9.640976,NA
2025-03-28T14:33:27,65,NA,NA,NA,NA,0.000959
2025-03-28T14:33:55,66,19.122616,NA,NA,NA,NA
2025-03-28T14:33:55,66,NA,NA,26600.964706,NA,NA
2025-03-28T14:33:55,66,NA,NA,NA,9.623712,NA
2025-03-28T14:33:55,66,NA,NA,NA,NA,0.000958
2025-03-28T14:34:25,67,18.940231,NA,NA,NA,NA
2025-03-28T14:34:25,67,NA,NA,28391.906620,NA,NA
2025-03-28T14:34:25,67,NA,NA,NA,9.016654,NA
2025-03-28T14:34:25,67,NA,NA,NA,NA,0.000956
2025-03-28T14:34:54,68,18.347221,NA,NA,NA,NA
2025-03-28T14:34:54,68,NA,NA,28071.075981,NA,NA
2025-03-28T14:34:54,68,NA,NA,NA,9.119707,NA
2025-03-28T14:34:54,68,NA,NA,NA,NA,0.000955
2025-03-28T14:35:20,69,16.919321,NA,NA,NA,NA
2025-03-28T14:35:20,69,NA,NA,26265.698443,NA,NA
2025-03-28T14:35:20,69,NA,NA,NA,9.746552,NA
2025-03-28T14:35:20,69,NA,NA,NA,NA,0.000954
2025-03-28T14:36:00,70,NA,17.599991,NA,NA,NA
2025-03-28T14:36:29,70,17.636873,NA,NA,NA,NA
2025-03-28T14:36:29,70,NA,NA,26666.930335,NA,NA
2025-03-28T14:36:29,70,NA,NA,NA,9.599905,NA
2025-03-28T14:36:29,70,NA,NA,NA,NA,0.000952
2025-03-28T14:36:57,71,18.375122,NA,NA,NA,NA
2025-03-28T14:36:57,71,NA,NA,26438.316275,NA,NA
2025-03-28T14:36:57,71,NA,NA,NA,9.682916,NA
2025-03-28T14:36:57,71,NA,NA,NA,NA,0.000951
2025-03-28T14:37:23,72,19.067516,NA,NA,NA,NA
2025-03-28T14:37:23,72,NA,NA,26467.994821,NA,NA
2025-03-28T14:37:23,72,NA,NA,NA,9.672059,NA
2025-03-28T14:37:23,72,NA,NA,NA,NA,0.000950
2025-03-28T14:37:52,73,16.985035,NA,NA,NA,NA
2025-03-28T14:37:52,73,NA,NA,26562.319318,NA,NA
2025-03-28T14:37:52,73,NA,NA,NA,9.637712,NA
2025-03-28T14:37:52,73,NA,NA,NA,NA,0.000948
2025-03-28T14:38:20,74,19.713619,NA,NA,NA,NA
2025-03-28T14:38:20,74,NA,NA,26514.142082,NA,NA
2025-03-28T14:38:20,74,NA,NA,NA,9.655225,NA
2025-03-28T14:38:20,74,NA,NA,NA,NA,0.000947
2025-03-28T14:38:47,75,17.763893,NA,NA,NA,NA
2025-03-28T14:38:47,75,NA,NA,26424.657738,NA,NA
2025-03-28T14:38:47,75,NA,NA,NA,9.687922,NA
2025-03-28T14:38:47,75,NA,NA,NA,NA,0.000946
2025-03-28T14:39:14,76,18.115547,NA,NA,NA,NA
2025-03-28T14:39:14,76,NA,NA,26640.945710,NA,NA
2025-03-28T14:39:14,76,NA,NA,NA,9.609268,NA
2025-03-28T14:39:14,76,NA,NA,NA,NA,0.000944
2025-03-28T14:39:42,77,17.981768,NA,NA,NA,NA
2025-03-28T14:39:42,77,NA,NA,27056.214621,NA,NA
2025-03-28T14:39:42,77,NA,NA,NA,9.461782,NA
2025-03-28T14:39:42,77,NA,NA,NA,NA,0.000943
2025-03-28T14:40:10,78,18.088194,NA,NA,NA,NA
2025-03-28T14:40:10,78,NA,NA,26580.830013,NA,NA
2025-03-28T14:40:10,78,NA,NA,NA,9.631001,NA
2025-03-28T14:40:10,78,NA,NA,NA,NA,0.000941
2025-03-28T14:40:38,79,16.871695,NA,NA,NA,NA
2025-03-28T14:40:38,79,NA,NA,26548.440610,NA,NA
2025-03-28T14:40:38,79,NA,NA,NA,9.642751,NA
2025-03-28T14:40:38,79,NA,NA,NA,NA,0.000940
2025-03-28T14:41:18,80,NA,17.599991,NA,NA,NA
2025-03-28T14:50:11,80,19.371035,NA,NA,NA,NA
2025-03-28T14:50:11,80,NA,NA,26559.209161,NA,NA
2025-03-28T14:50:11,80,NA,NA,NA,9.638842,NA
2025-03-28T14:50:11,80,NA,NA,NA,NA,0.000938
2025-03-28T14:50:40,81,17.550171,NA,NA,NA,NA
2025-03-28T14:50:40,81,NA,NA,28024.441715,NA,NA
2025-03-28T14:50:40,81,NA,NA,NA,9.134883,NA
2025-03-28T14:50:40,81,NA,NA,NA,NA,0.000937
2025-03-28T14:51:09,82,17.506664,NA,NA,NA,NA
2025-03-28T14:51:09,82,NA,NA,27104.524312,NA,NA
2025-03-28T14:51:09,82,NA,NA,NA,9.444918,NA
2025-03-28T14:51:09,82,NA,NA,NA,NA,0.000935
2025-03-28T14:51:36,83,17.421890,NA,NA,NA,NA
2025-03-28T14:51:36,83,NA,NA,27500.023748,NA,NA
2025-03-28T14:51:36,83,NA,NA,NA,9.309083,NA
2025-03-28T14:51:36,83,NA,NA,NA,NA,0.000934
2025-03-28T14:52:04,84,18.182438,NA,NA,NA,NA
2025-03-28T14:52:04,84,NA,NA,26409.096471,NA,NA
2025-03-28T14:52:04,84,NA,NA,NA,9.693629,NA
2025-03-28T14:52:04,84,NA,NA,NA,NA,0.000932
2025-03-28T14:52:32,85,17.123243,NA,NA,NA,NA
2025-03-28T14:52:32,85,NA,NA,26515.287708,NA,NA
2025-03-28T14:52:32,85,NA,NA,NA,9.654807,NA
2025-03-28T14:52:32,85,NA,NA,NA,NA,0.000930
2025-03-28T14:53:00,86,19.707788,NA,NA,NA,NA
2025-03-28T14:53:00,86,NA,NA,26462.327584,NA,NA
2025-03-28T14:53:00,86,NA,NA,NA,9.674130,NA
2025-03-28T14:53:00,86,NA,NA,NA,NA,0.000929
2025-03-28T14:53:28,87,17.989328,NA,NA,NA,NA
2025-03-28T14:53:28,87,NA,NA,26615.291362,NA,NA
2025-03-28T14:53:28,87,NA,NA,NA,9.618531,NA
2025-03-28T14:53:28,87,NA,NA,NA,NA,0.000927
2025-03-28T14:53:56,88,18.883873,NA,NA,NA,NA
2025-03-28T14:53:56,88,NA,NA,26505.561566,NA,NA
2025-03-28T14:53:56,88,NA,NA,NA,9.658350,NA
2025-03-28T14:53:56,88,NA,NA,NA,NA,0.000925
2025-03-28T14:54:22,89,17.841295,NA,NA,NA,NA
2025-03-28T14:54:22,89,NA,NA,26488.226009,NA,NA
2025-03-28T14:54:22,89,NA,NA,NA,9.664671,NA
2025-03-28T14:54:22,89,NA,NA,NA,NA,0.000924
2025-03-28T14:55:03,90,NA,17.799988,NA,NA,NA
2025-03-28T14:55:30,90,20.046110,NA,NA,NA,NA
2025-03-28T14:55:30,90,NA,NA,26769.502477,NA,NA
2025-03-28T14:55:30,90,NA,NA,NA,9.563122,NA
2025-03-28T14:55:30,90,NA,NA,NA,NA,0.000922
2025-03-28T14:55:58,91,18.423683,NA,NA,NA,NA
2025-03-28T14:55:58,91,NA,NA,26524.247485,NA,NA
2025-03-28T14:55:58,91,NA,NA,NA,9.651546,NA
2025-03-28T14:55:58,91,NA,NA,NA,NA,0.000920
2025-03-28T14:56:26,92,17.629513,NA,NA,NA,NA
2025-03-28T14:56:26,92,NA,NA,26684.112010,NA,NA
2025-03-28T14:56:26,92,NA,NA,NA,9.593724,NA
2025-03-28T14:56:26,92,NA,NA,NA,NA,0.000919
2025-03-28T14:56:54,93,17.708862,NA,NA,NA,NA
2025-03-28T14:56:54,93,NA,NA,26575.864902,NA,NA
2025-03-28T14:56:54,93,NA,NA,NA,9.632800,NA
2025-03-28T14:56:54,93,NA,NA,NA,NA,0.000917
2025-03-28T14:57:23,94,16.974585,NA,NA,NA,NA
2025-03-28T14:57:23,94,NA,NA,26705.969337,NA,NA
2025-03-28T14:57:23,94,NA,NA,NA,9.585872,NA
2025-03-28T14:57:23,94,NA,NA,NA,NA,0.000915
2025-03-28T14:57:51,95,16.536123,NA,NA,NA,NA
2025-03-28T14:57:51,95,NA,NA,26559.841873,NA,NA
2025-03-28T14:57:51,95,NA,NA,NA,9.638612,NA
2025-03-28T14:57:51,95,NA,NA,NA,NA,0.000914
2025-03-28T14:58:17,96,17.138304,NA,NA,NA,NA
2025-03-28T14:58:17,96,NA,NA,26296.814016,NA,NA
2025-03-28T14:58:17,96,NA,NA,NA,9.735020,NA
2025-03-28T14:58:17,96,NA,NA,NA,NA,0.000912
2025-03-28T14:58:45,97,17.686977,NA,NA,NA,NA
2025-03-28T14:58:45,97,NA,NA,26721.722986,NA,NA
2025-03-28T14:58:45,97,NA,NA,NA,9.580220,NA
2025-03-28T14:58:45,97,NA,NA,NA,NA,0.000910
2025-03-28T14:59:14,98,18.221437,NA,NA,NA,NA
2025-03-28T14:59:14,98,NA,NA,27798.827966,NA,NA
2025-03-28T14:59:14,98,NA,NA,NA,9.209022,NA
2025-03-28T14:59:14,98,NA,NA,NA,NA,0.000908
2025-03-28T14:59:42,99,18.033911,NA,NA,NA,NA
2025-03-28T14:59:42,99,NA,NA,27952.810572,NA,NA
2025-03-28T14:59:42,99,NA,NA,NA,9.158292,NA
2025-03-28T14:59:42,99,NA,NA,NA,NA,0.000906
2025-03-28T15:00:23,100,NA,17.199997,NA,NA,NA
2025-03-28T15:09:13,100,18.584986,NA,NA,NA,NA
2025-03-28T15:09:13,100,NA,NA,26960.445344,NA,NA
2025-03-28T15:09:13,100,NA,NA,NA,9.495392,NA
2025-03-28T15:09:13,100,NA,NA,NA,NA,0.000905
2025-03-28T15:09:40,101,16.771843,NA,NA,NA,NA
2025-03-28T15:09:40,101,NA,NA,26795.808058,NA,NA
2025-03-28T15:09:40,101,NA,NA,NA,9.553733,NA
2025-03-28T15:09:40,101,NA,NA,NA,NA,0.000903
2025-03-28T15:10:07,102,17.524679,NA,NA,NA,NA
2025-03-28T15:10:07,102,NA,NA,26842.940080,NA,NA
2025-03-28T15:10:07,102,NA,NA,NA,9.536959,NA
2025-03-28T15:10:07,102,NA,NA,NA,NA,0.000901
2025-03-28T15:10:35,103,17.193411,NA,NA,NA,NA
2025-03-28T15:10:35,103,NA,NA,26619.930141,NA,NA
2025-03-28T15:10:35,103,NA,NA,NA,9.616855,NA
2025-03-28T15:10:35,103,NA,NA,NA,NA,0.000899
2025-03-28T15:11:03,104,18.533960,NA,NA,NA,NA
2025-03-28T15:11:03,104,NA,NA,27120.064959,NA,NA
2025-03-28T15:11:03,104,NA,NA,NA,9.439506,NA
2025-03-28T15:11:03,104,NA,NA,NA,NA,0.000897
2025-03-28T15:11:31,105,18.412420,NA,NA,NA,NA
2025-03-28T15:11:31,105,NA,NA,27550.350311,NA,NA
2025-03-28T15:11:31,105,NA,NA,NA,9.292078,NA
2025-03-28T15:11:31,105,NA,NA,NA,NA,0.000895
2025-03-28T15:11:59,106,18.870846,NA,NA,NA,NA
2025-03-28T15:11:59,106,NA,NA,26685.342136,NA,NA
2025-03-28T15:11:59,106,NA,NA,NA,9.593282,NA
2025-03-28T15:11:59,106,NA,NA,NA,NA,0.000893
2025-03-28T15:12:27,107,17.904430,NA,NA,NA,NA
2025-03-28T15:12:27,107,NA,NA,26982.651864,NA,NA
2025-03-28T15:12:27,107,NA,NA,NA,9.487577,NA
2025-03-28T15:12:27,107,NA,NA,NA,NA,0.000891
2025-03-28T15:12:54,108,16.844961,NA,NA,NA,NA
2025-03-28T15:12:54,108,NA,NA,26953.883166,NA,NA
2025-03-28T15:12:54,108,NA,NA,NA,9.497704,NA
2025-03-28T15:12:54,108,NA,NA,NA,NA,0.000889
2025-03-28T15:13:22,109,17.937746,NA,NA,NA,NA
2025-03-28T15:13:22,109,NA,NA,26808.973406,NA,NA
2025-03-28T15:13:22,109,NA,NA,NA,9.549042,NA
2025-03-28T15:13:22,109,NA,NA,NA,NA,0.000887
2025-03-28T15:14:01,110,NA,18.199997,NA,NA,NA
2025-03-28T15:14:29,110,19.143764,NA,NA,NA,NA
2025-03-28T15:14:29,110,NA,NA,26669.128594,NA,NA
2025-03-28T15:14:29,110,NA,NA,NA,9.599113,NA
2025-03-28T15:14:29,110,NA,NA,NA,NA,0.000885
2025-03-28T15:14:57,111,17.509283,NA,NA,NA,NA
2025-03-28T15:14:57,111,NA,NA,26889.629889,NA,NA
2025-03-28T15:14:57,111,NA,NA,NA,9.520399,NA
2025-03-28T15:14:57,111,NA,NA,NA,NA,0.000883
2025-03-28T15:15:25,112,17.044487,NA,NA,NA,NA
2025-03-28T15:15:25,112,NA,NA,26647.160838,NA,NA
2025-03-28T15:15:25,112,NA,NA,NA,9.607027,NA
2025-03-28T15:15:25,112,NA,NA,NA,NA,0.000881
2025-03-28T15:15:52,113,17.764982,NA,NA,NA,NA
2025-03-28T15:15:52,113,NA,NA,26763.471825,NA,NA
2025-03-28T15:15:52,113,NA,NA,NA,9.565276,NA
2025-03-28T15:15:52,113,NA,NA,NA,NA,0.000879
2025-03-28T15:16:20,114,17.160662,NA,NA,NA,NA
2025-03-28T15:16:20,114,NA,NA,26897.877558,NA,NA
2025-03-28T15:16:20,114,NA,NA,NA,9.517480,NA
2025-03-28T15:16:20,114,NA,NA,NA,NA,0.000877
2025-03-28T15:16:47,115,18.477816,NA,NA,NA,NA
2025-03-28T15:16:47,115,NA,NA,26389.004954,NA,NA
2025-03-28T15:16:47,115,NA,NA,NA,9.701010,NA
2025-03-28T15:16:47,115,NA,NA,NA,NA,0.000875
2025-03-28T15:17:15,116,18.136250,NA,NA,NA,NA
2025-03-28T15:17:15,116,NA,NA,26433.992048,NA,NA
2025-03-28T15:17:15,116,NA,NA,NA,9.684500,NA
2025-03-28T15:17:15,116,NA,NA,NA,NA,0.000873
2025-03-28T15:17:42,117,19.391336,NA,NA,NA,NA
2025-03-28T15:17:42,117,NA,NA,26357.939953,NA,NA
2025-03-28T15:17:42,117,NA,NA,NA,9.712443,NA
2025-03-28T15:17:42,117,NA,NA,NA,NA,0.000871
2025-03-28T15:18:10,118,17.910898,NA,NA,NA,NA
2025-03-28T15:18:10,118,NA,NA,26848.063578,NA,NA
2025-03-28T15:18:10,118,NA,NA,NA,9.535138,NA
2025-03-28T15:18:10,118,NA,NA,NA,NA,0.000869
2025-03-28T15:18:38,119,18.373180,NA,NA,NA,NA
2025-03-28T15:18:38,119,NA,NA,26278.315964,NA,NA
2025-03-28T15:18:38,119,NA,NA,NA,9.741873,NA
2025-03-28T15:18:38,119,NA,NA,NA,NA,0.000867
2025-03-28T15:19:17,120,NA,17.799988,NA,NA,NA
2025-03-28T15:28:06,120,16.755600,NA,NA,NA,NA
2025-03-28T15:28:06,120,NA,NA,26710.107997,NA,NA
2025-03-28T15:28:06,120,NA,NA,NA,9.584387,NA
2025-03-28T15:28:06,120,NA,NA,NA,NA,0.000864
2025-03-28T15:28:32,121,17.836256,NA,NA,NA,NA
2025-03-28T15:28:32,121,NA,NA,26689.093369,NA,NA
2025-03-28T15:28:32,121,NA,NA,NA,9.591933,NA
2025-03-28T15:28:32,121,NA,NA,NA,NA,0.000862
2025-03-28T15:29:00,122,17.866100,NA,NA,NA,NA
2025-03-28T15:29:00,122,NA,NA,26404.804967,NA,NA
2025-03-28T15:29:00,122,NA,NA,NA,9.695205,NA
2025-03-28T15:29:00,122,NA,NA,NA,NA,0.000860
2025-03-28T15:29:28,123,18.070467,NA,NA,NA,NA
2025-03-28T15:29:28,123,NA,NA,26651.372127,NA,NA
2025-03-28T15:29:28,123,NA,NA,NA,9.605509,NA
2025-03-28T15:29:28,123,NA,NA,NA,NA,0.000858
2025-03-28T15:29:56,124,17.593121,NA,NA,NA,NA
2025-03-28T15:29:56,124,NA,NA,26587.324848,NA,NA
2025-03-28T15:29:56,124,NA,NA,NA,9.628649,NA
2025-03-28T15:29:56,124,NA,NA,NA,NA,0.000856
2025-03-28T15:30:24,125,17.501120,NA,NA,NA,NA
2025-03-28T15:30:24,125,NA,NA,26580.571323,NA,NA
2025-03-28T15:30:24,125,NA,NA,NA,9.631095,NA
2025-03-28T15:30:24,125,NA,NA,NA,NA,0.000854
2025-03-28T15:30:51,126,19.516371,NA,NA,NA,NA
2025-03-28T15:30:51,126,NA,NA,26768.081620,NA,NA
2025-03-28T15:30:51,126,NA,NA,NA,9.563629,NA
2025-03-28T15:30:51,126,NA,NA,NA,NA,0.000851
2025-03-28T15:31:19,127,17.643721,NA,NA,NA,NA
2025-03-28T15:31:19,127,NA,NA,27532.739990,NA,NA
2025-03-28T15:31:19,127,NA,NA,NA,9.298021,NA
2025-03-28T15:31:19,127,NA,NA,NA,NA,0.000849
2025-03-28T15:31:47,128,17.714975,NA,NA,NA,NA
2025-03-28T15:31:47,128,NA,NA,26686.996922,NA,NA
2025-03-28T15:31:47,128,NA,NA,NA,9.592687,NA
2025-03-28T15:31:47,128,NA,NA,NA,NA,0.000847
2025-03-28T15:32:15,129,18.438850,NA,NA,NA,NA
2025-03-28T15:32:15,129,NA,NA,26460.775849,NA,NA
2025-03-28T15:32:15,129,NA,NA,NA,9.674698,NA
2025-03-28T15:32:15,129,NA,NA,NA,NA,0.000845
2025-03-28T15:32:54,130,NA,17.599991,NA,NA,NA
2025-03-28T15:33:22,130,17.853912,NA,NA,NA,NA
2025-03-28T15:33:22,130,NA,NA,26359.963890,NA,NA
2025-03-28T15:33:22,130,NA,NA,NA,9.711698,NA
2025-03-28T15:33:22,130,NA,NA,NA,NA,0.000842
2025-03-28T15:33:49,131,18.133852,NA,NA,NA,NA
2025-03-28T15:33:49,131,NA,NA,26369.519805,NA,NA
2025-03-28T15:33:49,131,NA,NA,NA,9.708179,NA
2025-03-28T15:33:49,131,NA,NA,NA,NA,0.000840
2025-03-28T15:34:17,132,17.038229,NA,NA,NA,NA
2025-03-28T15:34:17,132,NA,NA,26539.469487,NA,NA
2025-03-28T15:34:17,132,NA,NA,NA,9.646010,NA
2025-03-28T15:34:17,132,NA,NA,NA,NA,0.000838
2025-03-28T15:34:45,133,19.318567,NA,NA,NA,NA
2025-03-28T15:34:45,133,NA,NA,26380.379654,NA,NA
2025-03-28T15:34:45,133,NA,NA,NA,9.704182,NA
2025-03-28T15:34:45,133,NA,NA,NA,NA,0.000835
2025-03-28T15:35:11,134,18.428356,NA,NA,NA,NA
2025-03-28T15:35:11,134,NA,NA,26385.399095,NA,NA
2025-03-28T15:35:11,134,NA,NA,NA,9.702335,NA
2025-03-28T15:35:11,134,NA,NA,NA,NA,0.000833
2025-03-28T15:35:39,135,18.255922,NA,NA,NA,NA
2025-03-28T15:35:39,135,NA,NA,26368.454816,NA,NA
2025-03-28T15:35:39,135,NA,NA,NA,9.708570,NA
2025-03-28T15:35:39,135,NA,NA,NA,NA,0.000831
2025-03-28T15:36:07,136,18.411985,NA,NA,NA,NA
2025-03-28T15:36:07,136,NA,NA,26627.759143,NA,NA
2025-03-28T15:36:07,136,NA,NA,NA,9.614027,NA
2025-03-28T15:36:07,136,NA,NA,NA,NA,0.000828
2025-03-28T15:36:34,137,20.404057,NA,NA,NA,NA
2025-03-28T15:36:34,137,NA,NA,26382.387736,NA,NA
2025-03-28T15:36:34,137,NA,NA,NA,9.703444,NA
2025-03-28T15:36:34,137,NA,NA,NA,NA,0.000826
2025-03-28T15:37:02,138,17.401173,NA,NA,NA,NA
2025-03-28T15:37:02,138,NA,NA,26587.464877,NA,NA
2025-03-28T15:37:02,138,NA,NA,NA,9.628597,NA
2025-03-28T15:37:02,138,NA,NA,NA,NA,0.000824
2025-03-28T15:37:28,139,18.927147,NA,NA,NA,NA
2025-03-28T15:37:28,139,NA,NA,26128.837625,NA,NA
2025-03-28T15:37:28,139,NA,NA,NA,9.797604,NA
2025-03-28T15:37:28,139,NA,NA,NA,NA,0.000821
2025-03-28T15:38:09,140,NA,18.199997,NA,NA,NA
2025-03-28T15:46:57,140,17.777336,NA,NA,NA,NA
2025-03-28T15:46:57,140,NA,NA,26463.450009,NA,NA
2025-03-28T15:46:57,140,NA,NA,NA,9.673719,NA
2025-03-28T15:46:57,140,NA,NA,NA,NA,0.000819
2025-03-28T15:47:25,141,18.141769,NA,NA,NA,NA
2025-03-28T15:47:25,141,NA,NA,26336.544092,NA,NA
2025-03-28T15:47:25,141,NA,NA,NA,9.720334,NA
2025-03-28T15:47:25,141,NA,NA,NA,NA,0.000816
2025-03-28T15:47:53,142,19.255087,NA,NA,NA,NA
2025-03-28T15:47:53,142,NA,NA,26243.471210,NA,NA
2025-03-28T15:47:53,142,NA,NA,NA,9.754807,NA
2025-03-28T15:47:53,142,NA,NA,NA,NA,0.000814
2025-03-28T15:48:21,143,17.924543,NA,NA,NA,NA
2025-03-28T15:48:21,143,NA,NA,26440.339585,NA,NA
2025-03-28T15:48:21,143,NA,NA,NA,9.682176,NA
2025-03-28T15:48:21,143,NA,NA,NA,NA,0.000811
2025-03-28T15:48:48,144,17.579502,NA,NA,NA,NA
2025-03-28T15:48:48,144,NA,NA,26354.173823,NA,NA
2025-03-28T15:48:48,144,NA,NA,NA,9.713831,NA
2025-03-28T15:48:48,144,NA,NA,NA,NA,0.000809
2025-03-28T15:49:14,145,19.202438,NA,NA,NA,NA
2025-03-28T15:49:14,145,NA,NA,26260.024799,NA,NA
2025-03-28T15:49:14,145,NA,NA,NA,9.748658,NA
2025-03-28T15:49:14,145,NA,NA,NA,NA,0.000806
2025-03-28T15:59:31,146,17.912247,NA,NA,NA,NA
2025-03-28T15:59:31,146,NA,NA,31252.598921,NA,NA
2025-03-28T15:59:31,146,NA,NA,NA,8.191319,NA
2025-03-28T15:59:31,146,NA,NA,NA,NA,0.000804
2025-03-28T16:00:00,147,17.103046,NA,NA,NA,NA
2025-03-28T16:00:00,147,NA,NA,27654.627025,NA,NA
2025-03-28T16:00:00,147,NA,NA,NA,9.257040,NA
2025-03-28T16:00:00,147,NA,NA,NA,NA,0.000801
2025-03-28T16:00:29,148,18.582487,NA,NA,NA,NA
2025-03-28T16:00:29,148,NA,NA,27656.958231,NA,NA
2025-03-28T16:00:29,148,NA,NA,NA,9.256260,NA
2025-03-28T16:00:29,148,NA,NA,NA,NA,0.000799
2025-03-28T16:00:58,149,17.779839,NA,NA,NA,NA
2025-03-28T16:00:58,149,NA,NA,27390.483857,NA,NA
2025-03-28T16:00:58,149,NA,NA,NA,9.346312,NA
2025-03-28T16:00:58,149,NA,NA,NA,NA,0.000796
2025-03-28T16:01:38,150,NA,17.599991,NA,NA,NA
2025-03-28T16:02:07,150,18.114904,NA,NA,NA,NA
2025-03-28T16:02:07,150,NA,NA,27042.883483,NA,NA
2025-03-28T16:02:07,150,NA,NA,NA,9.466446,NA
2025-03-28T16:02:07,150,NA,NA,NA,NA,0.000794
2025-03-28T16:02:35,151,17.692265,NA,NA,NA,NA
2025-03-28T16:02:35,151,NA,NA,26435.567583,NA,NA
2025-03-28T16:02:35,151,NA,NA,NA,9.683923,NA
2025-03-28T16:02:35,151,NA,NA,NA,NA,0.000791
2025-03-28T16:03:01,152,18.756243,NA,NA,NA,NA
2025-03-28T16:03:01,152,NA,NA,26286.512553,NA,NA
2025-03-28T16:03:01,152,NA,NA,NA,9.738834,NA
2025-03-28T16:03:01,152,NA,NA,NA,NA,0.000789
2025-03-28T16:03:29,153,18.623049,NA,NA,NA,NA
2025-03-28T16:03:29,153,NA,NA,26707.835336,NA,NA
2025-03-28T16:03:29,153,NA,NA,NA,9.585202,NA
2025-03-28T16:03:29,153,NA,NA,NA,NA,0.000786
2025-03-28T16:03:57,154,18.450958,NA,NA,NA,NA
2025-03-28T16:03:57,154,NA,NA,26528.461433,NA,NA
2025-03-28T16:03:57,154,NA,NA,NA,9.650013,NA
2025-03-28T16:03:57,154,NA,NA,NA,NA,0.000784
2025-03-28T16:04:25,155,18.595095,NA,NA,NA,NA
2025-03-28T16:04:25,155,NA,NA,27156.022688,NA,NA
2025-03-28T16:04:25,155,NA,NA,NA,9.427007,NA
2025-03-28T16:04:25,155,NA,NA,NA,NA,0.000781
2025-03-28T16:04:53,156,17.997454,NA,NA,NA,NA
2025-03-28T16:04:53,156,NA,NA,26603.905000,NA,NA
2025-03-28T16:04:53,156,NA,NA,NA,9.622647,NA
2025-03-28T16:04:53,156,NA,NA,NA,NA,0.000778
2025-03-28T16:05:21,157,18.091763,NA,NA,NA,NA
2025-03-28T16:05:21,157,NA,NA,26771.352083,NA,NA
2025-03-28T16:05:21,157,NA,NA,NA,9.562461,NA
2025-03-28T16:05:21,157,NA,NA,NA,NA,0.000776
2025-03-28T16:05:49,158,17.644772,NA,NA,NA,NA
2025-03-28T16:05:49,158,NA,NA,26646.934344,NA,NA
2025-03-28T16:05:49,158,NA,NA,NA,9.607109,NA
2025-03-28T16:05:49,158,NA,NA,NA,NA,0.000773
2025-03-28T16:06:17,159,17.228193,NA,NA,NA,NA
2025-03-28T16:06:17,159,NA,NA,26582.297640,NA,NA
2025-03-28T16:06:17,159,NA,NA,NA,9.630469,NA
2025-03-28T16:06:17,159,NA,NA,NA,NA,0.000771
2025-03-28T16:06:57,160,NA,17.799988,NA,NA,NA
2025-03-28T16:15:50,160,17.291351,NA,NA,NA,NA
2025-03-28T16:15:50,160,NA,NA,26333.559666,NA,NA
2025-03-28T16:15:50,160,NA,NA,NA,9.721436,NA
2025-03-28T16:15:50,160,NA,NA,NA,NA,0.000768
2025-03-28T16:16:16,161,18.553289,NA,NA,NA,NA
2025-03-28T16:16:16,161,NA,NA,26356.450306,NA,NA
2025-03-28T16:16:16,161,NA,NA,NA,9.712993,NA
2025-03-28T16:16:16,161,NA,NA,NA,NA,0.000765
2025-03-28T16:16:45,162,16.833624,NA,NA,NA,NA
2025-03-28T16:16:45,162,NA,NA,26511.771130,NA,NA
2025-03-28T16:16:45,162,NA,NA,NA,9.656088,NA
2025-03-28T16:16:45,162,NA,NA,NA,NA,0.000763
2025-03-28T16:17:13,163,18.097576,NA,NA,NA,NA
2025-03-28T16:17:13,163,NA,NA,26847.434339,NA,NA
2025-03-28T16:17:13,163,NA,NA,NA,9.535362,NA
2025-03-28T16:17:13,163,NA,NA,NA,NA,0.000760
2025-03-28T16:17:42,164,17.082018,NA,NA,NA,NA
2025-03-28T16:17:42,164,NA,NA,26721.948431,NA,NA
2025-03-28T16:17:42,164,NA,NA,NA,9.580140,NA
2025-03-28T16:17:42,164,NA,NA,NA,NA,0.000757
2025-03-28T16:18:10,165,18.184975,NA,NA,NA,NA
2025-03-28T16:18:10,165,NA,NA,26613.461461,NA,NA
2025-03-28T16:18:10,165,NA,NA,NA,9.619192,NA
2025-03-28T16:18:10,165,NA,NA,NA,NA,0.000755
2025-03-28T16:18:39,166,17.091951,NA,NA,NA,NA
2025-03-28T16:18:39,166,NA,NA,26702.282212,NA,NA
2025-03-28T16:18:39,166,NA,NA,NA,9.587195,NA
2025-03-28T16:18:39,166,NA,NA,NA,NA,0.000752
2025-03-28T16:19:05,167,18.491344,NA,NA,NA,NA
2025-03-28T16:19:05,167,NA,NA,26062.257110,NA,NA
2025-03-28T16:19:05,167,NA,NA,NA,9.822634,NA
2025-03-28T16:19:05,167,NA,NA,NA,NA,0.000749
2025-03-28T16:19:33,168,18.430107,NA,NA,NA,NA
2025-03-28T16:19:33,168,NA,NA,26238.887193,NA,NA
2025-03-28T16:19:33,168,NA,NA,NA,9.756512,NA
2025-03-28T16:19:33,168,NA,NA,NA,NA,0.000746
2025-03-28T16:20:01,169,16.720274,NA,NA,NA,NA
2025-03-28T16:20:01,169,NA,NA,26054.409020,NA,NA
2025-03-28T16:20:01,169,NA,NA,NA,9.825592,NA
2025-03-28T16:20:01,169,NA,NA,NA,NA,0.000744
2025-03-28T16:20:41,170,NA,17.000000,NA,NA,NA
2025-03-28T16:21:09,170,16.824703,NA,NA,NA,NA
2025-03-28T16:21:09,170,NA,NA,26107.291338,NA,NA
2025-03-28T16:21:09,170,NA,NA,NA,9.805690,NA
2025-03-28T16:21:09,170,NA,NA,NA,NA,0.000741
2025-03-28T16:21:37,171,18.264349,NA,NA,NA,NA
2025-03-28T16:21:37,171,NA,NA,26202.819029,NA,NA
2025-03-28T16:21:37,171,NA,NA,NA,9.769941,NA
2025-03-28T16:21:37,171,NA,NA,NA,NA,0.000738
2025-03-28T16:22:06,172,18.950630,NA,NA,NA,NA
2025-03-28T16:22:06,172,NA,NA,27216.287895,NA,NA
2025-03-28T16:22:06,172,NA,NA,NA,9.406132,NA
2025-03-28T16:22:06,172,NA,NA,NA,NA,0.000735
2025-03-28T16:22:34,173,17.774626,NA,NA,NA,NA
2025-03-28T16:22:34,173,NA,NA,26666.032525,NA,NA
2025-03-28T16:22:34,173,NA,NA,NA,9.600228,NA
2025-03-28T16:22:34,173,NA,NA,NA,NA,0.000733
2025-03-28T16:23:01,174,18.163969,NA,NA,NA,NA
2025-03-28T16:23:01,174,NA,NA,27072.904759,NA,NA
2025-03-28T16:23:01,174,NA,NA,NA,9.455949,NA
2025-03-28T16:23:01,174,NA,NA,NA,NA,0.000730
2025-03-28T16:23:29,175,17.767292,NA,NA,NA,NA
2025-03-28T16:23:29,175,NA,NA,26605.162324,NA,NA
2025-03-28T16:23:29,175,NA,NA,NA,9.622192,NA
2025-03-28T16:23:29,175,NA,NA,NA,NA,0.000727
2025-03-28T16:23:58,176,17.508055,NA,NA,NA,NA
2025-03-28T16:23:58,176,NA,NA,26311.871449,NA,NA
2025-03-28T16:23:58,176,NA,NA,NA,9.729448,NA
2025-03-28T16:23:58,176,NA,NA,NA,NA,0.000724
2025-03-28T16:24:27,177,17.724493,NA,NA,NA,NA
2025-03-28T16:24:27,177,NA,NA,27666.151249,NA,NA
2025-03-28T16:24:27,177,NA,NA,NA,9.253184,NA
2025-03-28T16:24:27,177,NA,NA,NA,NA,0.000721
2025-03-28T16:24:57,178,18.763887,NA,NA,NA,NA
2025-03-28T16:24:57,178,NA,NA,27833.406993,NA,NA
2025-03-28T16:24:57,178,NA,NA,NA,9.197580,NA
2025-03-28T16:24:57,178,NA,NA,NA,NA,0.000719
2025-03-28T16:25:26,179,19.152462,NA,NA,NA,NA
2025-03-28T16:25:26,179,NA,NA,27126.589596,NA,NA
2025-03-28T16:25:26,179,NA,NA,NA,9.437235,NA
2025-03-28T16:25:26,179,NA,NA,NA,NA,0.000716
2025-03-28T16:26:06,180,NA,18.199997,NA,NA,NA
2025-03-28T16:34:58,180,18.514315,NA,NA,NA,NA
2025-03-28T16:34:58,180,NA,NA,25816.199052,NA,NA
2025-03-28T16:34:58,180,NA,NA,NA,9.916254,NA
2025-03-28T16:34:58,180,NA,NA,NA,NA,0.000713
2025-03-28T16:35:26,181,17.858118,NA,NA,NA,NA
2025-03-28T16:35:26,181,NA,NA,25970.868593,NA,NA
2025-03-28T16:35:26,181,NA,NA,NA,9.857198,NA
2025-03-28T16:35:26,181,NA,NA,NA,NA,0.000710
2025-03-28T16:35:54,182,18.241096,NA,NA,NA,NA
2025-03-28T16:35:54,182,NA,NA,26037.912177,NA,NA
2025-03-28T16:35:54,182,NA,NA,NA,9.831818,NA
2025-03-28T16:35:54,182,NA,NA,NA,NA,0.000707
2025-03-28T16:36:23,183,17.956841,NA,NA,NA,NA
2025-03-28T16:36:23,183,NA,NA,26398.339613,NA,NA
2025-03-28T16:36:23,183,NA,NA,NA,9.697579,NA
2025-03-28T16:36:23,183,NA,NA,NA,NA,0.000704
2025-03-28T16:36:51,184,18.688705,NA,NA,NA,NA
2025-03-28T16:36:51,184,NA,NA,26290.001423,NA,NA
2025-03-28T16:36:51,184,NA,NA,NA,9.737542,NA
2025-03-28T16:36:51,184,NA,NA,NA,NA,0.000701
2025-03-28T16:37:17,185,17.805159,NA,NA,NA,NA
2025-03-28T16:37:17,185,NA,NA,26222.641835,NA,NA
2025-03-28T16:37:17,185,NA,NA,NA,9.762556,NA
2025-03-28T16:37:17,185,NA,NA,NA,NA,0.000699
2025-03-28T16:37:45,186,17.436731,NA,NA,NA,NA
2025-03-28T16:37:45,186,NA,NA,25778.578976,NA,NA
2025-03-28T16:37:45,186,NA,NA,NA,9.930726,NA
2025-03-28T16:37:45,186,NA,NA,NA,NA,0.000696
2025-03-28T16:38:14,187,17.517767,NA,NA,NA,NA
2025-03-28T16:38:14,187,NA,NA,26342.238983,NA,NA
2025-03-28T16:38:14,187,NA,NA,NA,9.718232,NA
2025-03-28T16:38:14,187,NA,NA,NA,NA,0.000693
2025-03-28T16:38:42,188,18.406609,NA,NA,NA,NA
2025-03-28T16:38:42,188,NA,NA,26103.851779,NA,NA
2025-03-28T16:38:42,188,NA,NA,NA,9.806982,NA
2025-03-28T16:38:42,188,NA,NA,NA,NA,0.000690
2025-03-28T16:39:10,189,18.347263,NA,NA,NA,NA
2025-03-28T16:39:10,189,NA,NA,26213.001982,NA,NA
2025-03-28T16:39:10,189,NA,NA,NA,9.766146,NA
2025-03-28T16:39:10,189,NA,NA,NA,NA,0.000687
2025-03-28T16:39:50,190,NA,17.000000,NA,NA,NA
2025-03-28T16:40:18,190,17.298496,NA,NA,NA,NA
2025-03-28T16:40:18,190,NA,NA,26252.161303,NA,NA
2025-03-28T16:40:18,190,NA,NA,NA,9.751578,NA
2025-03-28T16:40:18,190,NA,NA,NA,NA,0.000684
2025-03-28T16:40:49,191,17.499826,NA,NA,NA,NA
2025-03-28T16:40:49,191,NA,NA,29704.732141,NA,NA
2025-03-28T16:40:49,191,NA,NA,NA,8.618155,NA
2025-03-28T16:40:49,191,NA,NA,NA,NA,0.000681
2025-03-28T16:41:16,192,18.433018,NA,NA,NA,NA
2025-03-28T16:41:16,192,NA,NA,26291.780022,NA,NA
2025-03-28T16:41:16,192,NA,NA,NA,9.736883,NA
2025-03-28T16:41:16,192,NA,NA,NA,NA,0.000678
2025-03-28T16:41:44,193,17.879988,NA,NA,NA,NA
2025-03-28T16:41:44,193,NA,NA,26182.196969,NA,NA
2025-03-28T16:41:44,193,NA,NA,NA,9.777637,NA
2025-03-28T16:41:44,193,NA,NA,NA,NA,0.000675
2025-03-28T16:42:12,194,18.479361,NA,NA,NA,NA
2025-03-28T16:42:12,194,NA,NA,26262.647072,NA,NA
2025-03-28T16:42:12,194,NA,NA,NA,9.747684,NA
2025-03-28T16:42:12,194,NA,NA,NA,NA,0.000672
2025-03-28T16:42:41,195,18.437233,NA,NA,NA,NA
2025-03-28T16:42:41,195,NA,NA,26852.362435,NA,NA
2025-03-28T16:42:41,195,NA,NA,NA,9.533612,NA
2025-03-28T16:42:41,195,NA,NA,NA,NA,0.000669
2025-03-28T16:43:13,196,19.181595,NA,NA,NA,NA
2025-03-28T16:43:13,196,NA,NA,30260.967205,NA,NA
2025-03-28T16:43:13,196,NA,NA,NA,8.459743,NA
2025-03-28T16:43:13,196,NA,NA,NA,NA,0.000666
2025-03-28T16:43:43,197,18.930861,NA,NA,NA,NA
2025-03-28T16:43:43,197,NA,NA,28430.107166,NA,NA
2025-03-28T16:43:43,197,NA,NA,NA,9.004539,NA
2025-03-28T16:43:43,197,NA,NA,NA,NA,0.000663
2025-03-28T16:44:13,198,17.850033,NA,NA,NA,NA
2025-03-28T16:44:13,198,NA,NA,28073.293685,NA,NA
2025-03-28T16:44:13,198,NA,NA,NA,9.118987,NA
2025-03-28T16:44:13,198,NA,NA,NA,NA,0.000660
2025-03-28T16:44:41,199,18.892982,NA,NA,NA,NA
2025-03-28T16:44:41,199,NA,NA,28090.449023,NA,NA
2025-03-28T16:44:41,199,NA,NA,NA,9.113418,NA
2025-03-28T16:44:41,199,NA,NA,NA,NA,0.000657
2025-03-28T16:45:25,200,NA,17.399994,NA,NA,NA
2025-03-28T16:54:26,200,18.624817,NA,NA,NA,NA
2025-03-28T16:54:26,200,NA,NA,25629.085289,NA,NA
2025-03-28T16:54:26,200,NA,NA,NA,9.988651,NA
2025-03-28T16:54:26,200,NA,NA,NA,NA,0.000655
2025-03-28T16:54:55,201,17.154881,NA,NA,NA,NA
2025-03-28T16:54:55,201,NA,NA,26114.245208,NA,NA
2025-03-28T16:54:55,201,NA,NA,NA,9.803079,NA
2025-03-28T16:54:55,201,NA,NA,NA,NA,0.000652
2025-03-28T16:55:23,202,16.987312,NA,NA,NA,NA
2025-03-28T16:55:23,202,NA,NA,25949.808116,NA,NA
2025-03-28T16:55:23,202,NA,NA,NA,9.865198,NA
2025-03-28T16:55:23,202,NA,NA,NA,NA,0.000649
2025-03-28T16:55:51,203,16.899118,NA,NA,NA,NA
2025-03-28T16:55:51,203,NA,NA,26249.883045,NA,NA
2025-03-28T16:55:51,203,NA,NA,NA,9.752424,NA
2025-03-28T16:55:51,203,NA,NA,NA,NA,0.000646
2025-03-28T16:56:19,204,18.530851,NA,NA,NA,NA
2025-03-28T16:56:19,204,NA,NA,26272.099812,NA,NA
2025-03-28T16:56:19,204,NA,NA,NA,9.744178,NA
2025-03-28T16:56:19,204,NA,NA,NA,NA,0.000643
2025-03-28T16:56:48,205,18.223312,NA,NA,NA,NA
2025-03-28T16:56:48,205,NA,NA,26049.656211,NA,NA
2025-03-28T16:56:48,205,NA,NA,NA,9.827385,NA
2025-03-28T16:56:48,205,NA,NA,NA,NA,0.000639
2025-03-28T16:57:14,206,18.384111,NA,NA,NA,NA
2025-03-28T16:57:14,206,NA,NA,26039.406697,NA,NA
2025-03-28T16:57:14,206,NA,NA,NA,9.831253,NA
2025-03-28T16:57:14,206,NA,NA,NA,NA,0.000636
2025-03-28T16:57:42,207,18.655134,NA,NA,NA,NA
2025-03-28T16:57:42,207,NA,NA,26032.868884,NA,NA
2025-03-28T16:57:42,207,NA,NA,NA,9.833722,NA
2025-03-28T16:57:42,207,NA,NA,NA,NA,0.000633
2025-03-28T16:58:10,208,17.025412,NA,NA,NA,NA
2025-03-28T16:58:10,208,NA,NA,26176.049517,NA,NA
2025-03-28T16:58:10,208,NA,NA,NA,9.779933,NA
2025-03-28T16:58:10,208,NA,NA,NA,NA,0.000630
2025-03-28T16:58:38,209,18.132935,NA,NA,NA,NA
2025-03-28T16:58:38,209,NA,NA,26246.399138,NA,NA
2025-03-28T16:58:38,209,NA,NA,NA,9.753719,NA
2025-03-28T16:58:38,209,NA,NA,NA,NA,0.000627
2025-03-28T16:59:21,210,NA,17.399994,NA,NA,NA
2025-03-28T16:59:50,210,19.202663,NA,NA,NA,NA
2025-03-28T16:59:50,210,NA,NA,26790.625085,NA,NA
2025-03-28T16:59:50,210,NA,NA,NA,9.555581,NA
2025-03-28T16:59:50,210,NA,NA,NA,NA,0.000624
2025-03-28T17:00:18,211,18.289764,NA,NA,NA,NA
2025-03-28T17:00:18,211,NA,NA,26490.954855,NA,NA
2025-03-28T17:00:18,211,NA,NA,NA,9.663676,NA
2025-03-28T17:00:18,211,NA,NA,NA,NA,0.000621
2025-03-28T17:00:43,212,18.446545,NA,NA,NA,NA
2025-03-28T17:00:43,212,NA,NA,25554.634591,NA,NA
2025-03-28T17:00:43,212,NA,NA,NA,10.017753,NA
2025-03-28T17:00:43,212,NA,NA,NA,NA,0.000618
2025-03-28T17:01:13,213,17.887072,NA,NA,NA,NA
2025-03-28T17:01:13,213,NA,NA,27008.230514,NA,NA
2025-03-28T17:01:13,213,NA,NA,NA,9.478592,NA
2025-03-28T17:01:13,213,NA,NA,NA,NA,0.000615
2025-03-28T17:01:40,214,17.566860,NA,NA,NA,NA
2025-03-28T17:01:40,214,NA,NA,25871.752277,NA,NA
2025-03-28T17:01:40,214,NA,NA,NA,9.894961,NA
2025-03-28T17:01:40,214,NA,NA,NA,NA,0.000612
2025-03-28T17:02:08,215,18.355551,NA,NA,NA,NA
2025-03-28T17:02:08,215,NA,NA,26184.999872,NA,NA
2025-03-28T17:02:08,215,NA,NA,NA,9.776589,NA
2025-03-28T17:02:08,215,NA,NA,NA,NA,0.000609
2025-03-28T17:02:36,216,17.132267,NA,NA,NA,NA
2025-03-28T17:02:36,216,NA,NA,25861.543575,NA,NA
2025-03-28T17:02:36,216,NA,NA,NA,9.898868,NA
2025-03-28T17:02:36,216,NA,NA,NA,NA,0.000606
2025-03-28T17:03:04,217,17.399591,NA,NA,NA,NA
2025-03-28T17:03:04,217,NA,NA,26013.278497,NA,NA
2025-03-28T17:03:04,217,NA,NA,NA,9.841127,NA
2025-03-28T17:03:04,217,NA,NA,NA,NA,0.000603
2025-03-28T17:03:30,218,18.669809,NA,NA,NA,NA
2025-03-28T17:03:30,218,NA,NA,26027.007552,NA,NA
2025-03-28T17:03:30,218,NA,NA,NA,9.835937,NA
2025-03-28T17:03:30,218,NA,NA,NA,NA,0.000600
2025-03-28T17:03:58,219,18.031878,NA,NA,NA,NA
2025-03-28T17:03:58,219,NA,NA,26350.500060,NA,NA
2025-03-28T17:03:58,219,NA,NA,NA,9.715186,NA
2025-03-28T17:03:58,219,NA,NA,NA,NA,0.000597
2025-03-28T17:04:38,220,NA,17.599991,NA,NA,NA
2025-03-28T17:13:40,220,19.207355,NA,NA,NA,NA
2025-03-28T17:13:40,220,NA,NA,26201.643007,NA,NA
2025-03-28T17:13:40,220,NA,NA,NA,9.770380,NA
2025-03-28T17:13:40,220,NA,NA,NA,NA,0.000594
2025-03-28T17:14:08,221,17.548260,NA,NA,NA,NA
2025-03-28T17:14:08,221,NA,NA,26462.958840,NA,NA
2025-03-28T17:14:08,221,NA,NA,NA,9.673900,NA
2025-03-28T17:14:08,221,NA,NA,NA,NA,0.000591
2025-03-28T17:14:37,222,17.457209,NA,NA,NA,NA
2025-03-28T17:14:37,222,NA,NA,26437.925995,NA,NA
2025-03-28T17:14:37,222,NA,NA,NA,9.683059,NA
2025-03-28T17:14:37,222,NA,NA,NA,NA,0.000588
2025-03-28T17:15:05,223,18.966309,NA,NA,NA,NA
2025-03-28T17:15:05,223,NA,NA,25924.633363,NA,NA
2025-03-28T17:15:05,223,NA,NA,NA,9.874778,NA
2025-03-28T17:15:05,223,NA,NA,NA,NA,0.000584
2025-03-28T17:15:31,224,19.398605,NA,NA,NA,NA
2025-03-28T17:15:31,224,NA,NA,25934.594705,NA,NA
2025-03-28T17:15:31,224,NA,NA,NA,9.870985,NA
2025-03-28T17:15:31,224,NA,NA,NA,NA,0.000581
2025-03-28T17:15:59,225,18.623186,NA,NA,NA,NA
2025-03-28T17:15:59,225,NA,NA,26066.569797,NA,NA
2025-03-28T17:15:59,225,NA,NA,NA,9.821009,NA
2025-03-28T17:15:59,225,NA,NA,NA,NA,0.000578
2025-03-28T17:16:27,226,15.737279,NA,NA,NA,NA
2025-03-28T17:16:27,226,NA,NA,26609.517510,NA,NA
2025-03-28T17:16:27,226,NA,NA,NA,9.620618,NA
2025-03-28T17:16:27,226,NA,NA,NA,NA,0.000575
2025-03-28T17:16:55,227,17.568449,NA,NA,NA,NA
2025-03-28T17:16:55,227,NA,NA,25975.979453,NA,NA
2025-03-28T17:16:55,227,NA,NA,NA,9.855259,NA
2025-03-28T17:16:55,227,NA,NA,NA,NA,0.000572
2025-03-28T17:17:24,228,17.298403,NA,NA,NA,NA
2025-03-28T17:17:24,228,NA,NA,26494.424541,NA,NA
2025-03-28T17:17:24,228,NA,NA,NA,9.662411,NA
2025-03-28T17:17:24,228,NA,NA,NA,NA,0.000569
2025-03-28T17:17:50,229,18.080948,NA,NA,NA,NA
2025-03-28T17:17:50,229,NA,NA,25623.135069,NA,NA
2025-03-28T17:17:50,229,NA,NA,NA,9.990971,NA
2025-03-28T17:17:50,229,NA,NA,NA,NA,0.000566
2025-03-28T17:18:31,230,NA,17.399994,NA,NA,NA
2025-03-28T17:18:58,230,19.157183,NA,NA,NA,NA
2025-03-28T17:18:58,230,NA,NA,26357.666337,NA,NA
2025-03-28T17:18:58,230,NA,NA,NA,9.712544,NA
2025-03-28T17:18:58,230,NA,NA,NA,NA,0.000563
2025-03-28T17:19:26,231,17.587320,NA,NA,NA,NA
2025-03-28T17:19:26,231,NA,NA,26545.132744,NA,NA
2025-03-28T17:19:26,231,NA,NA,NA,9.643952,NA
2025-03-28T17:19:26,231,NA,NA,NA,NA,0.000560
2025-03-28T17:19:56,232,17.158033,NA,NA,NA,NA
2025-03-28T17:19:56,232,NA,NA,27421.913004,NA,NA
2025-03-28T17:19:56,232,NA,NA,NA,9.335600,NA
2025-03-28T17:19:56,232,NA,NA,NA,NA,0.000556
2025-03-28T17:20:25,233,17.489817,NA,NA,NA,NA
2025-03-28T17:20:25,233,NA,NA,26777.919670,NA,NA
2025-03-28T17:20:25,233,NA,NA,NA,9.560115,NA
2025-03-28T17:20:25,233,NA,NA,NA,NA,0.000553
2025-03-28T17:20:54,234,18.021500,NA,NA,NA,NA
2025-03-28T17:20:54,234,NA,NA,26866.174658,NA,NA
2025-03-28T17:20:54,234,NA,NA,NA,9.528710,NA
2025-03-28T17:20:54,234,NA,NA,NA,NA,0.000550
2025-03-28T17:21:22,235,17.792192,NA,NA,NA,NA
2025-03-28T17:21:22,235,NA,NA,26114.352766,NA,NA
2025-03-28T17:21:22,235,NA,NA,NA,9.803039,NA
2025-03-28T17:21:22,235,NA,NA,NA,NA,0.000547
2025-03-28T17:21:48,236,18.244192,NA,NA,NA,NA
2025-03-28T17:21:48,236,NA,NA,26129.153438,NA,NA
2025-03-28T17:21:48,236,NA,NA,NA,9.797485,NA
2025-03-28T17:21:48,236,NA,NA,NA,NA,0.000544
2025-03-28T17:22:16,237,19.283989,NA,NA,NA,NA
2025-03-28T17:22:16,237,NA,NA,26109.651852,NA,NA
2025-03-28T17:22:16,237,NA,NA,NA,9.804803,NA
2025-03-28T17:22:16,237,NA,NA,NA,NA,0.000541
2025-03-28T17:22:44,238,17.176712,NA,NA,NA,NA
2025-03-28T17:22:44,238,NA,NA,26047.772778,NA,NA
2025-03-28T17:22:44,238,NA,NA,NA,9.828095,NA
2025-03-28T17:22:44,238,NA,NA,NA,NA,0.000538
2025-03-28T17:23:11,239,18.780657,NA,NA,NA,NA
2025-03-28T17:23:11,239,NA,NA,26047.977116,NA,NA
2025-03-28T17:23:11,239,NA,NA,NA,9.828018,NA
2025-03-28T17:23:11,239,NA,NA,NA,NA,0.000535
2025-03-28T17:23:51,240,NA,17.399994,NA,NA,NA
2025-03-28T17:32:48,240,18.224463,NA,NA,NA,NA
2025-03-28T17:32:48,240,NA,NA,26932.853966,NA,NA
2025-03-28T17:32:48,240,NA,NA,NA,9.505119,NA
2025-03-28T17:32:48,240,NA,NA,NA,NA,0.000531
2025-03-28T17:33:17,241,17.442789,NA,NA,NA,NA
2025-03-28T17:33:17,241,NA,NA,26313.030187,NA,NA
2025-03-28T17:33:17,241,NA,NA,NA,9.729020,NA
2025-03-28T17:33:17,241,NA,NA,NA,NA,0.000528
2025-03-28T17:33:43,242,17.437887,NA,NA,NA,NA
2025-03-28T17:33:43,242,NA,NA,26302.325349,NA,NA
2025-03-28T17:33:43,242,NA,NA,NA,9.732980,NA
2025-03-28T17:33:43,242,NA,NA,NA,NA,0.000525
2025-03-28T17:34:11,243,18.923164,NA,NA,NA,NA
2025-03-28T17:34:11,243,NA,NA,25883.024669,NA,NA
2025-03-28T17:34:11,243,NA,NA,NA,9.890653,NA
2025-03-28T17:34:11,243,NA,NA,NA,NA,0.000522
2025-03-28T17:34:39,244,18.247896,NA,NA,NA,NA
2025-03-28T17:34:39,244,NA,NA,26270.689464,NA,NA
2025-03-28T17:34:39,244,NA,NA,NA,9.744700,NA
2025-03-28T17:34:39,244,NA,NA,NA,NA,0.000519
2025-03-28T17:35:07,245,18.556681,NA,NA,NA,NA
2025-03-28T17:35:07,245,NA,NA,26311.811331,NA,NA
2025-03-28T17:35:07,245,NA,NA,NA,9.729471,NA
2025-03-28T17:35:07,245,NA,NA,NA,NA,0.000516
2025-03-28T17:35:35,246,17.550461,NA,NA,NA,NA
2025-03-28T17:35:35,246,NA,NA,25954.405144,NA,NA
2025-03-28T17:35:35,246,NA,NA,NA,9.863451,NA
2025-03-28T17:35:35,246,NA,NA,NA,NA,0.000513
2025-03-28T17:36:01,247,17.567541,NA,NA,NA,NA
2025-03-28T17:36:01,247,NA,NA,25790.884506,NA,NA
2025-03-28T17:36:01,247,NA,NA,NA,9.925987,NA
2025-03-28T17:36:01,247,NA,NA,NA,NA,0.000509
2025-03-28T17:36:28,248,18.722721,NA,NA,NA,NA
2025-03-28T17:36:28,248,NA,NA,25566.284868,NA,NA
2025-03-28T17:36:28,248,NA,NA,NA,10.013187,NA
2025-03-28T17:36:28,248,NA,NA,NA,NA,0.000506
2025-03-28T17:36:57,249,18.072123,NA,NA,NA,NA
2025-03-28T17:36:57,249,NA,NA,26036.843134,NA,NA
2025-03-28T17:36:57,249,NA,NA,NA,9.832221,NA
2025-03-28T17:36:57,249,NA,NA,NA,NA,0.000503
2025-03-28T17:37:36,250,NA,17.199997,NA,NA,NA
2025-03-28T17:38:08,250,18.495771,NA,NA,NA,NA
2025-03-28T17:38:08,250,NA,NA,30237.233788,NA,NA
2025-03-28T17:38:08,250,NA,NA,NA,8.466383,NA
2025-03-28T17:38:08,250,NA,NA,NA,NA,0.000500
2025-03-28T17:38:38,251,16.437441,NA,NA,NA,NA
2025-03-28T17:38:38,251,NA,NA,28103.457926,NA,NA
2025-03-28T17:38:38,251,NA,NA,NA,9.109200,NA
2025-03-28T17:38:38,251,NA,NA,NA,NA,0.000497
2025-03-28T17:39:07,252,18.535917,NA,NA,NA,NA
2025-03-28T17:39:07,252,NA,NA,26988.225899,NA,NA
2025-03-28T17:39:07,252,NA,NA,NA,9.485618,NA
2025-03-28T17:39:07,252,NA,NA,NA,NA,0.000494
2025-03-28T17:39:37,253,17.427637,NA,NA,NA,NA
2025-03-28T17:39:37,253,NA,NA,26983.899448,NA,NA
2025-03-28T17:39:37,253,NA,NA,NA,9.487139,NA
2025-03-28T17:39:37,253,NA,NA,NA,NA,0.000491
2025-03-28T17:40:03,254,17.703594,NA,NA,NA,NA
2025-03-28T17:40:03,254,NA,NA,26121.289487,NA,NA
2025-03-28T17:40:03,254,NA,NA,NA,9.800435,NA
2025-03-28T17:40:03,254,NA,NA,NA,NA,0.000487
2025-03-28T17:40:31,255,17.535360,NA,NA,NA,NA
2025-03-28T17:40:31,255,NA,NA,26763.050088,NA,NA
2025-03-28T17:40:31,255,NA,NA,NA,9.565427,NA
2025-03-28T17:40:31,255,NA,NA,NA,NA,0.000484
2025-03-28T17:41:01,256,18.213732,NA,NA,NA,NA
2025-03-28T17:41:01,256,NA,NA,27151.448831,NA,NA
2025-03-28T17:41:01,256,NA,NA,NA,9.428595,NA
2025-03-28T17:41:01,256,NA,NA,NA,NA,0.000481
2025-03-28T17:41:29,257,19.077955,NA,NA,NA,NA
2025-03-28T17:41:29,257,NA,NA,26026.970959,NA,NA
2025-03-28T17:41:29,257,NA,NA,NA,9.835951,NA
2025-03-28T17:41:29,257,NA,NA,NA,NA,0.000478
2025-03-28T17:41:57,258,17.423174,NA,NA,NA,NA
2025-03-28T17:41:57,258,NA,NA,26385.788019,NA,NA
2025-03-28T17:41:57,258,NA,NA,NA,9.702192,NA
2025-03-28T17:41:57,258,NA,NA,NA,NA,0.000475
2025-03-28T17:42:26,259,18.300364,NA,NA,NA,NA
2025-03-28T17:42:26,259,NA,NA,26893.202350,NA,NA
2025-03-28T17:42:26,259,NA,NA,NA,9.519135,NA
2025-03-28T17:42:26,259,NA,NA,NA,NA,0.000472
2025-03-28T17:43:08,260,NA,17.199997,NA,NA,NA
2025-03-28T17:52:04,260,17.368214,NA,NA,NA,NA
2025-03-28T17:52:04,260,NA,NA,26138.747977,NA,NA
2025-03-28T17:52:04,260,NA,NA,NA,9.793889,NA
2025-03-28T17:52:04,260,NA,NA,NA,NA,0.000469
2025-03-28T17:52:31,261,17.841953,NA,NA,NA,NA
2025-03-28T17:52:31,261,NA,NA,26412.224652,NA,NA
2025-03-28T17:52:31,261,NA,NA,NA,9.692482,NA
2025-03-28T17:52:31,261,NA,NA,NA,NA,0.000465
2025-03-28T17:52:59,262,17.572884,NA,NA,NA,NA
2025-03-28T17:52:59,262,NA,NA,26260.648140,NA,NA
2025-03-28T17:52:59,262,NA,NA,NA,9.748426,NA
2025-03-28T17:52:59,262,NA,NA,NA,NA,0.000462
2025-03-28T17:53:27,263,17.029413,NA,NA,NA,NA
2025-03-28T17:53:27,263,NA,NA,26255.262265,NA,NA
2025-03-28T17:53:27,263,NA,NA,NA,9.750426,NA
2025-03-28T17:53:27,263,NA,NA,NA,NA,0.000459
2025-03-28T17:53:55,264,17.773293,NA,NA,NA,NA
2025-03-28T17:53:55,264,NA,NA,26319.038709,NA,NA
2025-03-28T17:53:55,264,NA,NA,NA,9.726799,NA
2025-03-28T17:53:55,264,NA,NA,NA,NA,0.000456
2025-03-28T17:54:24,265,19.046007,NA,NA,NA,NA
2025-03-28T17:54:24,265,NA,NA,26484.806085,NA,NA
2025-03-28T17:54:24,265,NA,NA,NA,9.665919,NA
2025-03-28T17:54:24,265,NA,NA,NA,NA,0.000453
2025-03-28T17:54:50,266,17.981667,NA,NA,NA,NA
2025-03-28T17:54:50,266,NA,NA,26344.535631,NA,NA
2025-03-28T17:54:50,266,NA,NA,NA,9.717385,NA
2025-03-28T17:54:50,266,NA,NA,NA,NA,0.000450
2025-03-28T17:55:18,267,17.732702,NA,NA,NA,NA
2025-03-28T17:55:18,267,NA,NA,26180.087688,NA,NA
2025-03-28T17:55:18,267,NA,NA,NA,9.778424,NA
2025-03-28T17:55:18,267,NA,NA,NA,NA,0.000447
2025-03-28T17:55:47,268,17.622688,NA,NA,NA,NA
2025-03-28T17:55:47,268,NA,NA,26465.543388,NA,NA
2025-03-28T17:55:47,268,NA,NA,NA,9.672955,NA
2025-03-28T17:55:47,268,NA,NA,NA,NA,0.000444
2025-03-28T17:56:15,269,17.937935,NA,NA,NA,NA
2025-03-28T17:56:15,269,NA,NA,26342.295322,NA,NA
2025-03-28T17:56:15,269,NA,NA,NA,9.718211,NA
2025-03-28T17:56:15,269,NA,NA,NA,NA,0.000440
2025-03-28T17:56:55,270,NA,17.799988,NA,NA,NA
2025-03-28T17:57:23,270,18.717621,NA,NA,NA,NA
2025-03-28T17:57:23,270,NA,NA,26020.166438,NA,NA
2025-03-28T17:57:23,270,NA,NA,NA,9.838523,NA
2025-03-28T17:57:23,270,NA,NA,NA,NA,0.000437
2025-03-28T17:57:51,271,17.284786,NA,NA,NA,NA
2025-03-28T17:57:51,271,NA,NA,26395.811060,NA,NA
2025-03-28T17:57:51,271,NA,NA,NA,9.698508,NA
2025-03-28T17:57:51,271,NA,NA,NA,NA,0.000434
2025-03-28T17:58:19,272,17.506521,NA,NA,NA,NA
2025-03-28T17:58:19,272,NA,NA,25700.016305,NA,NA
2025-03-28T17:58:19,272,NA,NA,NA,9.961083,NA
2025-03-28T17:58:19,272,NA,NA,NA,NA,0.000431
2025-03-28T17:58:46,273,18.389170,NA,NA,NA,NA
2025-03-28T17:58:46,273,NA,NA,26334.720251,NA,NA
2025-03-28T17:58:46,273,NA,NA,NA,9.721007,NA
2025-03-28T17:58:46,273,NA,NA,NA,NA,0.000428
2025-03-28T17:59:14,274,18.852865,NA,NA,NA,NA
2025-03-28T17:59:14,274,NA,NA,26196.884161,NA,NA
2025-03-28T17:59:14,274,NA,NA,NA,9.772155,NA
2025-03-28T17:59:14,274,NA,NA,NA,NA,0.000425
2025-03-28T17:59:42,275,18.375912,NA,NA,NA,NA
2025-03-28T17:59:42,275,NA,NA,26516.572725,NA,NA
2025-03-28T17:59:42,275,NA,NA,NA,9.654340,NA
2025-03-28T17:59:42,275,NA,NA,NA,NA,0.000422
2025-03-28T18:00:11,276,17.923765,NA,NA,NA,NA
2025-03-28T18:00:11,276,NA,NA,26764.117745,NA,NA
2025-03-28T18:00:11,276,NA,NA,NA,9.565045,NA
2025-03-28T18:00:11,276,NA,NA,NA,NA,0.000419
2025-03-28T18:00:40,277,16.717592,NA,NA,NA,NA
2025-03-28T18:00:40,277,NA,NA,26501.439413,NA,NA
2025-03-28T18:00:40,277,NA,NA,NA,9.659853,NA
2025-03-28T18:00:40,277,NA,NA,NA,NA,0.000416
2025-03-28T18:01:06,278,18.515497,NA,NA,NA,NA
2025-03-28T18:01:06,278,NA,NA,25949.301699,NA,NA
2025-03-28T18:01:06,278,NA,NA,NA,9.865391,NA
2025-03-28T18:01:06,278,NA,NA,NA,NA,0.000412
2025-03-28T18:01:34,279,18.891516,NA,NA,NA,NA
2025-03-28T18:01:34,279,NA,NA,26483.055380,NA,NA
2025-03-28T18:01:34,279,NA,NA,NA,9.666558,NA
2025-03-28T18:01:34,279,NA,NA,NA,NA,0.000409
2025-03-28T18:02:14,280,NA,17.399994,NA,NA,NA
2025-03-28T18:11:08,280,19.129797,NA,NA,NA,NA
2025-03-28T18:11:08,280,NA,NA,26159.709627,NA,NA
2025-03-28T18:11:08,280,NA,NA,NA,9.786041,NA
2025-03-28T18:11:08,280,NA,NA,NA,NA,0.000406
2025-03-28T18:11:36,281,17.143900,NA,NA,NA,NA
2025-03-28T18:11:36,281,NA,NA,26409.600007,NA,NA
2025-03-28T18:11:36,281,NA,NA,NA,9.693445,NA
2025-03-28T18:11:36,281,NA,NA,NA,NA,0.000403
2025-03-28T18:12:05,282,17.386950,NA,NA,NA,NA
2025-03-28T18:12:05,282,NA,NA,26219.968994,NA,NA
2025-03-28T18:12:05,282,NA,NA,NA,9.763551,NA
2025-03-28T18:12:05,282,NA,NA,NA,NA,0.000400
2025-03-28T18:12:31,283,18.369688,NA,NA,NA,NA
2025-03-28T18:12:31,283,NA,NA,26887.595243,NA,NA
2025-03-28T18:12:31,283,NA,NA,NA,9.521119,NA
2025-03-28T18:12:31,283,NA,NA,NA,NA,0.000397
2025-03-28T18:41:25,284,18.180334,NA,NA,NA,NA
2025-03-28T18:41:25,284,NA,NA,32296.592147,NA,NA
2025-03-28T18:41:25,284,NA,NA,NA,7.926533,NA
2025-03-28T18:41:25,284,NA,NA,NA,NA,0.000394
2025-03-28T18:41:53,285,20.055470,NA,NA,NA,NA
2025-03-28T18:41:53,285,NA,NA,25185.718149,NA,NA
2025-03-28T18:41:53,285,NA,NA,NA,10.164491,NA
2025-03-28T18:41:53,285,NA,NA,NA,NA,0.000391
2025-03-28T18:42:21,286,17.132719,NA,NA,NA,NA
2025-03-28T18:42:21,286,NA,NA,25276.823354,NA,NA
2025-03-28T18:42:21,286,NA,NA,NA,10.127855,NA
2025-03-28T18:42:21,286,NA,NA,NA,NA,0.000388
2025-03-28T18:42:46,287,18.027414,NA,NA,NA,NA
2025-03-28T18:42:46,287,NA,NA,25396.081953,NA,NA
2025-03-28T18:42:46,287,NA,NA,NA,10.080295,NA
2025-03-28T18:42:46,287,NA,NA,NA,NA,0.000385
2025-03-28T18:43:14,288,18.258528,NA,NA,NA,NA
2025-03-28T18:43:14,288,NA,NA,25711.253614,NA,NA
2025-03-28T18:43:14,288,NA,NA,NA,9.956730,NA
2025-03-28T18:43:14,288,NA,NA,NA,NA,0.000382
2025-03-28T18:43:43,289,17.301804,NA,NA,NA,NA
2025-03-28T18:43:43,289,NA,NA,26631.245800,NA,NA
2025-03-28T18:43:43,289,NA,NA,NA,9.612768,NA
2025-03-28T18:43:43,289,NA,NA,NA,NA,0.000379
2025-03-28T18:44:22,290,NA,18.199997,NA,NA,NA
2025-03-28T18:44:51,290,17.998779,NA,NA,NA,NA
2025-03-28T18:44:51,290,NA,NA,25930.235320,NA,NA
2025-03-28T18:44:51,290,NA,NA,NA,9.872644,NA
2025-03-28T18:44:51,290,NA,NA,NA,NA,0.000376
2025-03-28T18:45:19,291,17.735909,NA,NA,NA,NA
2025-03-28T18:45:19,291,NA,NA,25646.294936,NA,NA
2025-03-28T18:45:19,291,NA,NA,NA,9.981949,NA
2025-03-28T18:45:19,291,NA,NA,NA,NA,0.000373
2025-03-28T18:45:44,292,17.669910,NA,NA,NA,NA
2025-03-28T18:45:44,292,NA,NA,25478.284214,NA,NA
2025-03-28T18:45:44,292,NA,NA,NA,10.047772,NA
2025-03-28T18:45:44,292,NA,NA,NA,NA,0.000370
2025-03-28T18:46:13,293,16.659710,NA,NA,NA,NA
2025-03-28T18:46:13,293,NA,NA,26847.688763,NA,NA
2025-03-28T18:46:13,293,NA,NA,NA,9.535272,NA
2025-03-28T18:46:13,293,NA,NA,NA,NA,0.000367
2025-03-28T18:46:42,294,18.679646,NA,NA,NA,NA
2025-03-28T18:46:42,294,NA,NA,25955.863528,NA,NA
2025-03-28T18:46:42,294,NA,NA,NA,9.862897,NA
2025-03-28T18:46:42,294,NA,NA,NA,NA,0.000364
2025-03-28T18:47:10,295,19.602879,NA,NA,NA,NA
2025-03-28T18:47:10,295,NA,NA,26273.844533,NA,NA
2025-03-28T18:47:10,295,NA,NA,NA,9.743530,NA
2025-03-28T18:47:10,295,NA,NA,NA,NA,0.000361
2025-03-28T18:47:38,296,19.035952,NA,NA,NA,NA
2025-03-28T18:47:38,296,NA,NA,25744.398190,NA,NA
2025-03-28T18:47:38,296,NA,NA,NA,9.943911,NA
2025-03-28T18:47:38,296,NA,NA,NA,NA,0.000357
2025-03-28T18:48:03,297,17.480131,NA,NA,NA,NA
2025-03-28T18:48:03,297,NA,NA,25355.434589,NA,NA
2025-03-28T18:48:03,297,NA,NA,NA,10.096455,NA
2025-03-28T18:48:03,297,NA,NA,NA,NA,0.000354
2025-03-28T18:48:32,298,16.959190,NA,NA,NA,NA
2025-03-28T18:48:32,298,NA,NA,25990.780545,NA,NA
2025-03-28T18:48:32,298,NA,NA,NA,9.849647,NA
2025-03-28T18:48:32,298,NA,NA,NA,NA,0.000351
2025-03-28T18:49:00,299,16.735649,NA,NA,NA,NA
2025-03-28T18:49:00,299,NA,NA,25630.814050,NA,NA
2025-03-28T18:49:00,299,NA,NA,NA,9.987978,NA
2025-03-28T18:49:00,299,NA,NA,NA,NA,0.000348
2025-03-28T18:49:39,300,NA,16.799988,NA,NA,NA
2025-03-28T18:58:25,300,16.914358,NA,NA,NA,NA
2025-03-28T18:58:25,300,NA,NA,25636.441262,NA,NA
2025-03-28T18:58:25,300,NA,NA,NA,9.985785,NA
2025-03-28T18:58:25,300,NA,NA,NA,NA,0.000345
2025-03-28T18:58:53,301,17.542004,NA,NA,NA,NA
2025-03-28T18:58:53,301,NA,NA,25594.441604,NA,NA
2025-03-28T18:58:53,301,NA,NA,NA,10.002172,NA
2025-03-28T18:58:53,301,NA,NA,NA,NA,0.000343
2025-03-28T18:59:21,302,17.609108,NA,NA,NA,NA
2025-03-28T18:59:21,302,NA,NA,25761.586141,NA,NA
2025-03-28T18:59:21,302,NA,NA,NA,9.937276,NA
2025-03-28T18:59:21,302,NA,NA,NA,NA,0.000340
2025-03-28T18:59:49,303,18.972658,NA,NA,NA,NA
2025-03-28T18:59:49,303,NA,NA,25726.387516,NA,NA
2025-03-28T18:59:49,303,NA,NA,NA,9.950872,NA
2025-03-28T18:59:49,303,NA,NA,NA,NA,0.000337
2025-03-28T19:00:17,304,18.236801,NA,NA,NA,NA
2025-03-28T19:00:17,304,NA,NA,25800.707825,NA,NA
2025-03-28T19:00:17,304,NA,NA,NA,9.922209,NA
2025-03-28T19:00:17,304,NA,NA,NA,NA,0.000334
2025-03-28T19:00:43,305,17.672382,NA,NA,NA,NA
2025-03-28T19:00:43,305,NA,NA,25813.291734,NA,NA
2025-03-28T19:00:43,305,NA,NA,NA,9.917372,NA
2025-03-28T19:00:43,305,NA,NA,NA,NA,0.000331
2025-03-28T19:01:12,306,18.325346,NA,NA,NA,NA
2025-03-28T19:01:12,306,NA,NA,26752.439467,NA,NA
2025-03-28T19:01:12,306,NA,NA,NA,9.569221,NA
2025-03-28T19:01:12,306,NA,NA,NA,NA,0.000328
2025-03-28T19:01:39,307,16.488390,NA,NA,NA,NA
2025-03-28T19:01:39,307,NA,NA,25673.334675,NA,NA
2025-03-28T19:01:39,307,NA,NA,NA,9.971436,NA
2025-03-28T19:01:39,307,NA,NA,NA,NA,0.000325
2025-03-28T19:02:07,308,19.479561,NA,NA,NA,NA
2025-03-28T19:02:07,308,NA,NA,25832.334799,NA,NA
2025-03-28T19:02:07,308,NA,NA,NA,9.910061,NA
2025-03-28T19:02:07,308,NA,NA,NA,NA,0.000322
2025-03-28T19:02:35,309,18.087824,NA,NA,NA,NA
2025-03-28T19:02:35,309,NA,NA,25737.874065,NA,NA
2025-03-28T19:02:35,309,NA,NA,NA,9.946431,NA
2025-03-28T19:02:35,309,NA,NA,NA,NA,0.000319
2025-03-28T19:03:15,310,NA,17.599991,NA,NA,NA
2025-03-28T19:03:43,310,16.985796,NA,NA,NA,NA
2025-03-28T19:03:43,310,NA,NA,25768.290795,NA,NA
2025-03-28T19:03:43,310,NA,NA,NA,9.934690,NA
2025-03-28T19:03:43,310,NA,NA,NA,NA,0.000316
2025-03-28T19:04:08,311,16.982973,NA,NA,NA,NA
2025-03-28T19:04:08,311,NA,NA,25669.476756,NA,NA
2025-03-28T19:04:08,311,NA,NA,NA,9.972934,NA
2025-03-28T19:04:08,311,NA,NA,NA,NA,0.000313
2025-03-28T19:04:36,312,18.035818,NA,NA,NA,NA
2025-03-28T19:04:36,312,NA,NA,25698.469862,NA,NA
2025-03-28T19:04:36,312,NA,NA,NA,9.961682,NA
2025-03-28T19:04:36,312,NA,NA,NA,NA,0.000310
2025-03-28T19:05:05,313,16.708981,NA,NA,NA,NA
2025-03-28T19:05:05,313,NA,NA,26708.077794,NA,NA
2025-03-28T19:05:05,313,NA,NA,NA,9.585115,NA
2025-03-28T19:05:05,313,NA,NA,NA,NA,0.000307
2025-03-28T19:05:32,314,18.714592,NA,NA,NA,NA
2025-03-28T19:05:32,314,NA,NA,26443.974247,NA,NA
2025-03-28T19:05:32,314,NA,NA,NA,9.680844,NA
2025-03-28T19:05:32,314,NA,NA,NA,NA,0.000304
2025-03-28T19:06:00,315,17.534355,NA,NA,NA,NA
2025-03-28T19:06:00,315,NA,NA,26928.269390,NA,NA
2025-03-28T19:06:00,315,NA,NA,NA,9.506738,NA
2025-03-28T19:06:00,315,NA,NA,NA,NA,0.000301
2025-03-28T19:06:28,316,17.442362,NA,NA,NA,NA
2025-03-28T19:06:28,316,NA,NA,26644.893635,NA,NA
2025-03-28T19:06:28,316,NA,NA,NA,9.607844,NA
2025-03-28T19:06:28,316,NA,NA,NA,NA,0.000299
2025-03-28T19:06:55,317,19.302273,NA,NA,NA,NA
2025-03-28T19:06:55,317,NA,NA,26882.397548,NA,NA
2025-03-28T19:06:55,317,NA,NA,NA,9.522960,NA
2025-03-28T19:06:55,317,NA,NA,NA,NA,0.000296
2025-03-28T19:07:22,318,17.690870,NA,NA,NA,NA
2025-03-28T19:07:22,318,NA,NA,26729.056453,NA,NA
2025-03-28T19:07:22,318,NA,NA,NA,9.577592,NA
2025-03-28T19:07:22,318,NA,NA,NA,NA,0.000293
2025-03-28T19:07:50,319,18.330185,NA,NA,NA,NA
2025-03-28T19:07:50,319,NA,NA,26930.588538,NA,NA
2025-03-28T19:07:50,319,NA,NA,NA,9.505919,NA
2025-03-28T19:07:50,319,NA,NA,NA,NA,0.000290
2025-03-28T19:08:29,320,NA,17.399994,NA,NA,NA
2025-03-28T19:17:28,320,17.920059,NA,NA,NA,NA
2025-03-28T19:17:28,320,NA,NA,30002.473890,NA,NA
2025-03-28T19:17:28,320,NA,NA,NA,8.532630,NA
2025-03-28T19:17:28,320,NA,NA,NA,NA,0.000287
2025-03-28T19:17:59,321,18.221939,NA,NA,NA,NA
2025-03-28T19:17:59,321,NA,NA,30707.390425,NA,NA
2025-03-28T19:17:59,321,NA,NA,NA,8.336756,NA
2025-03-28T19:17:59,321,NA,NA,NA,NA,0.000284
2025-03-28T19:18:30,322,17.437309,NA,NA,NA,NA
2025-03-28T19:18:30,322,NA,NA,30179.091915,NA,NA
2025-03-28T19:18:30,322,NA,NA,NA,8.482694,NA
2025-03-28T19:18:30,322,NA,NA,NA,NA,0.000281
2025-03-28T19:19:00,323,17.901560,NA,NA,NA,NA
2025-03-28T19:19:00,323,NA,NA,30291.301696,NA,NA
2025-03-28T19:19:00,323,NA,NA,NA,8.451271,NA
2025-03-28T19:19:00,323,NA,NA,NA,NA,0.000279
2025-03-28T19:19:35,324,17.767954,NA,NA,NA,NA
2025-03-28T19:19:35,324,NA,NA,33849.335219,NA,NA
2025-03-28T19:19:35,324,NA,NA,NA,7.562925,NA
2025-03-28T19:19:35,324,NA,NA,NA,NA,0.000276
2025-03-28T19:20:06,325,17.157152,NA,NA,NA,NA
2025-03-28T19:20:06,325,NA,NA,31196.440604,NA,NA
2025-03-28T19:20:06,325,NA,NA,NA,8.206064,NA
2025-03-28T19:20:06,325,NA,NA,NA,NA,0.000273
2025-03-28T19:20:37,326,17.272369,NA,NA,NA,NA
2025-03-28T19:20:37,326,NA,NA,31672.583200,NA,NA
2025-03-28T19:20:37,326,NA,NA,NA,8.082701,NA
2025-03-28T19:20:37,326,NA,NA,NA,NA,0.000270
2025-03-28T19:21:09,327,16.991884,NA,NA,NA,NA
2025-03-28T19:21:09,327,NA,NA,31464.497736,NA,NA
2025-03-28T19:21:09,327,NA,NA,NA,8.136154,NA
2025-03-28T19:21:09,327,NA,NA,NA,NA,0.000267
2025-03-28T19:21:41,328,18.538349,NA,NA,NA,NA
2025-03-28T19:21:41,328,NA,NA,31624.512335,NA,NA
2025-03-28T19:21:41,328,NA,NA,NA,8.094987,NA
2025-03-28T19:21:41,328,NA,NA,NA,NA,0.000265
2025-03-28T19:22:12,329,16.289835,NA,NA,NA,NA
2025-03-28T19:22:12,329,NA,NA,31462.900725,NA,NA
2025-03-28T19:22:12,329,NA,NA,NA,8.136567,NA
2025-03-28T19:22:12,329,NA,NA,NA,NA,0.000262
2025-03-28T19:22:58,330,NA,17.799988,NA,NA,NA
2025-03-28T19:23:29,330,16.488171,NA,NA,NA,NA
2025-03-28T19:23:29,330,NA,NA,31619.112526,NA,NA
2025-03-28T19:23:29,330,NA,NA,NA,8.096369,NA
2025-03-28T19:23:29,330,NA,NA,NA,NA,0.000259
2025-03-28T19:24:00,331,17.431419,NA,NA,NA,NA
2025-03-28T19:24:00,331,NA,NA,31104.344439,NA,NA
2025-03-28T19:24:00,331,NA,NA,NA,8.230362,NA
2025-03-28T19:24:00,331,NA,NA,NA,NA,0.000256
2025-03-28T19:24:32,332,18.757614,NA,NA,NA,NA
2025-03-28T19:24:32,332,NA,NA,31097.192368,NA,NA
2025-03-28T19:24:32,332,NA,NA,NA,8.232254,NA
2025-03-28T19:24:32,332,NA,NA,NA,NA,0.000254
2025-03-28T19:25:03,333,18.572096,NA,NA,NA,NA
2025-03-28T19:25:03,333,NA,NA,31006.624167,NA,NA
2025-03-28T19:25:03,333,NA,NA,NA,8.256300,NA
2025-03-28T19:25:03,333,NA,NA,NA,NA,0.000251
2025-03-28T19:25:33,334,18.040934,NA,NA,NA,NA
2025-03-28T19:25:33,334,NA,NA,30826.295323,NA,NA
2025-03-28T19:25:33,334,NA,NA,NA,8.304598,NA
2025-03-28T19:25:33,334,NA,NA,NA,NA,0.000248
2025-03-28T19:26:05,335,17.731192,NA,NA,NA,NA
2025-03-28T19:26:05,335,NA,NA,31396.213620,NA,NA
2025-03-28T19:26:05,335,NA,NA,NA,8.153850,NA
2025-03-28T19:26:05,335,NA,NA,NA,NA,0.000245
2025-03-28T19:26:36,336,18.718782,NA,NA,NA,NA
2025-03-28T19:26:36,336,NA,NA,30942.991665,NA,NA
2025-03-28T19:26:36,336,NA,NA,NA,8.273279,NA
2025-03-28T19:26:36,336,NA,NA,NA,NA,0.000243
2025-03-28T19:27:07,337,18.823799,NA,NA,NA,NA
2025-03-28T19:27:07,337,NA,NA,30953.563841,NA,NA
2025-03-28T19:27:07,337,NA,NA,NA,8.270453,NA
2025-03-28T19:27:07,337,NA,NA,NA,NA,0.000240
2025-03-28T19:27:37,338,18.378849,NA,NA,NA,NA
2025-03-28T19:27:37,338,NA,NA,30206.752566,NA,NA
2025-03-28T19:27:37,338,NA,NA,NA,8.474926,NA
2025-03-28T19:27:37,338,NA,NA,NA,NA,0.000237
2025-03-28T19:28:10,339,19.504616,NA,NA,NA,NA
2025-03-28T19:28:10,339,NA,NA,32752.951610,NA,NA
2025-03-28T19:28:10,339,NA,NA,NA,7.816090,NA
2025-03-28T19:28:10,339,NA,NA,NA,NA,0.000235
2025-03-28T19:28:53,340,NA,17.199997,NA,NA,NA
2025-03-28T19:47:13,340,18.088955,NA,NA,NA,NA
2025-03-28T19:47:13,340,NA,NA,32428.254308,NA,NA
2025-03-28T19:47:13,340,NA,NA,NA,7.894351,NA
2025-03-28T19:47:13,340,NA,NA,NA,NA,0.000232
2025-03-28T19:47:46,341,17.838900,NA,NA,NA,NA
2025-03-28T19:47:46,341,NA,NA,32367.478456,NA,NA
2025-03-28T19:47:46,341,NA,NA,NA,7.909173,NA
2025-03-28T19:47:46,341,NA,NA,NA,NA,0.000229
2025-03-28T19:48:18,342,19.081020,NA,NA,NA,NA
2025-03-28T19:48:18,342,NA,NA,32098.926638,NA,NA
2025-03-28T19:48:18,342,NA,NA,NA,7.975345,NA
2025-03-28T19:48:18,342,NA,NA,NA,NA,0.000227
2025-03-28T19:48:50,343,16.962845,NA,NA,NA,NA
2025-03-28T19:48:50,343,NA,NA,32319.616936,NA,NA
2025-03-28T19:48:50,343,NA,NA,NA,7.920886,NA
2025-03-28T19:48:50,343,NA,NA,NA,NA,0.000224
2025-03-28T19:49:22,344,17.600176,NA,NA,NA,NA
2025-03-28T19:49:22,344,NA,NA,32242.892217,NA,NA
2025-03-28T19:49:22,344,NA,NA,NA,7.939734,NA
2025-03-28T19:49:22,344,NA,NA,NA,NA,0.000222
2025-03-28T19:49:54,345,18.977068,NA,NA,NA,NA
2025-03-28T19:49:54,345,NA,NA,32071.431244,NA,NA
2025-03-28T19:49:54,345,NA,NA,NA,7.982182,NA
2025-03-28T19:49:54,345,NA,NA,NA,NA,0.000219
2025-03-28T19:50:26,346,18.240446,NA,NA,NA,NA
2025-03-28T19:50:26,346,NA,NA,31873.632638,NA,NA
2025-03-28T19:50:26,346,NA,NA,NA,8.031717,NA
2025-03-28T19:50:26,346,NA,NA,NA,NA,0.000216
2025-03-28T19:50:59,347,18.116032,NA,NA,NA,NA
2025-03-28T19:50:59,347,NA,NA,32449.426514,NA,NA
2025-03-28T19:50:59,347,NA,NA,NA,7.889200,NA
2025-03-28T19:50:59,347,NA,NA,NA,NA,0.000214
2025-03-28T19:51:31,348,16.401369,NA,NA,NA,NA
2025-03-28T19:51:31,348,NA,NA,32276.363643,NA,NA
2025-03-28T19:51:31,348,NA,NA,NA,7.931501,NA
2025-03-28T19:51:31,348,NA,NA,NA,NA,0.000211
2025-03-28T19:52:04,349,18.504522,NA,NA,NA,NA
2025-03-28T19:52:04,349,NA,NA,33278.934537,NA,NA
2025-03-28T19:52:04,349,NA,NA,NA,7.692554,NA
2025-03-28T19:52:04,349,NA,NA,NA,NA,0.000209
2025-03-28T19:52:52,350,NA,17.599991,NA,NA,NA
2025-03-28T19:53:24,350,18.734053,NA,NA,NA,NA
2025-03-28T19:53:24,350,NA,NA,31715.407042,NA,NA
2025-03-28T19:53:24,350,NA,NA,NA,8.071787,NA
2025-03-28T19:53:24,350,NA,NA,NA,NA,0.000206
2025-03-28T19:53:56,351,17.216005,NA,NA,NA,NA
2025-03-28T19:53:56,351,NA,NA,32073.027514,NA,NA
2025-03-28T19:53:56,351,NA,NA,NA,7.981785,NA
2025-03-28T19:53:56,351,NA,NA,NA,NA,0.000204
2025-03-28T19:54:28,352,18.012732,NA,NA,NA,NA
2025-03-28T19:54:28,352,NA,NA,31930.557360,NA,NA
2025-03-28T19:54:28,352,NA,NA,NA,8.017399,NA
2025-03-28T19:54:28,352,NA,NA,NA,NA,0.000201
2025-03-28T19:55:00,353,17.985973,NA,NA,NA,NA
2025-03-28T19:55:00,353,NA,NA,32065.683129,NA,NA
2025-03-28T19:55:00,353,NA,NA,NA,7.983613,NA
2025-03-28T19:55:00,353,NA,NA,NA,NA,0.000199
2025-03-28T19:55:32,354,18.573790,NA,NA,NA,NA
2025-03-28T19:55:32,354,NA,NA,32083.178284,NA,NA
2025-03-28T19:55:32,354,NA,NA,NA,7.979259,NA
2025-03-28T19:55:32,354,NA,NA,NA,NA,0.000196
2025-03-28T19:56:05,355,17.894299,NA,NA,NA,NA
2025-03-28T19:56:05,355,NA,NA,32439.743362,NA,NA
2025-03-28T19:56:05,355,NA,NA,NA,7.891554,NA
2025-03-28T19:56:05,355,NA,NA,NA,NA,0.000194
2025-03-28T19:56:37,356,16.624912,NA,NA,NA,NA
2025-03-28T19:56:37,356,NA,NA,32355.631788,NA,NA
2025-03-28T19:56:37,356,NA,NA,NA,7.912069,NA
2025-03-28T19:56:37,356,NA,NA,NA,NA,0.000191
2025-03-28T19:57:09,357,18.604795,NA,NA,NA,NA
2025-03-28T19:57:09,357,NA,NA,31780.810236,NA,NA
2025-03-28T19:57:09,357,NA,NA,NA,8.055176,NA
2025-03-28T19:57:09,357,NA,NA,NA,NA,0.000189
2025-03-28T19:57:41,358,17.441854,NA,NA,NA,NA
2025-03-28T19:57:41,358,NA,NA,32092.564968,NA,NA
2025-03-28T19:57:41,358,NA,NA,NA,7.976925,NA
2025-03-28T19:57:41,358,NA,NA,NA,NA,0.000186
2025-03-28T19:58:13,359,18.345625,NA,NA,NA,NA
2025-03-28T19:58:13,359,NA,NA,32504.082054,NA,NA
2025-03-28T19:58:13,359,NA,NA,NA,7.875934,NA
2025-03-28T19:58:13,359,NA,NA,NA,NA,0.000184
2025-03-28T19:59:02,360,NA,16.799988,NA,NA,NA
2025-03-28T21:06:32,360,17.419889,NA,NA,NA,NA
2025-03-28T21:06:32,360,NA,NA,28312.491679,NA,NA
2025-03-28T21:06:32,360,NA,NA,NA,9.041945,NA
2025-03-28T21:06:32,360,NA,NA,NA,NA,0.000181
2025-03-28T21:07:00,361,18.526268,NA,NA,NA,NA
2025-03-28T21:07:00,361,NA,NA,28201.752630,NA,NA
2025-03-28T21:07:00,361,NA,NA,NA,9.077450,NA
2025-03-28T21:07:00,361,NA,NA,NA,NA,0.000179
2025-03-28T21:07:28,362,18.858822,NA,NA,NA,NA
2025-03-28T21:07:28,362,NA,NA,28291.939258,NA,NA
2025-03-28T21:07:28,362,NA,NA,NA,9.048513,NA
2025-03-28T21:07:28,362,NA,NA,NA,NA,0.000176
2025-03-28T21:07:57,363,18.563232,NA,NA,NA,NA
2025-03-28T21:07:57,363,NA,NA,28164.530067,NA,NA
2025-03-28T21:07:57,363,NA,NA,NA,9.089447,NA
2025-03-28T21:07:57,363,NA,NA,NA,NA,0.000174
2025-03-28T21:08:25,364,18.249435,NA,NA,NA,NA
2025-03-28T21:08:25,364,NA,NA,28240.728994,NA,NA
2025-03-28T21:08:25,364,NA,NA,NA,9.064921,NA
2025-03-28T21:08:25,364,NA,NA,NA,NA,0.000172
2025-03-28T21:08:53,365,17.841141,NA,NA,NA,NA
2025-03-28T21:08:53,365,NA,NA,28381.989662,NA,NA
2025-03-28T21:08:53,365,NA,NA,NA,9.019805,NA
2025-03-28T21:08:53,365,NA,NA,NA,NA,0.000169
2025-03-28T21:09:22,366,19.176603,NA,NA,NA,NA
2025-03-28T21:09:22,366,NA,NA,28322.916871,NA,NA
2025-03-28T21:09:22,366,NA,NA,NA,9.038617,NA
2025-03-28T21:09:22,366,NA,NA,NA,NA,0.000167
2025-03-28T21:09:50,367,18.249533,NA,NA,NA,NA
2025-03-28T21:09:50,367,NA,NA,28133.926337,NA,NA
2025-03-28T21:09:50,367,NA,NA,NA,9.099335,NA
2025-03-28T21:09:50,367,NA,NA,NA,NA,0.000165
2025-03-28T21:10:18,368,17.774311,NA,NA,NA,NA
2025-03-28T21:10:18,368,NA,NA,28204.456767,NA,NA
2025-03-28T21:10:18,368,NA,NA,NA,9.076580,NA
2025-03-28T21:10:18,368,NA,NA,NA,NA,0.000162
2025-03-28T21:10:46,369,16.571115,NA,NA,NA,NA
2025-03-28T21:10:46,369,NA,NA,27980.160975,NA,NA
2025-03-28T21:10:46,369,NA,NA,NA,9.149340,NA
2025-03-28T21:10:46,369,NA,NA,NA,NA,0.000160
2025-03-28T21:11:27,370,NA,18.199997,NA,NA,NA
2025-03-28T21:11:54,370,19.004059,NA,NA,NA,NA
2025-03-28T21:11:54,370,NA,NA,27926.594326,NA,NA
2025-03-28T21:11:54,370,NA,NA,NA,9.166889,NA
2025-03-28T21:11:54,370,NA,NA,NA,NA,0.000158
2025-03-28T21:12:23,371,19.257530,NA,NA,NA,NA
2025-03-28T21:12:23,371,NA,NA,28153.630163,NA,NA
2025-03-28T21:12:23,371,NA,NA,NA,9.092966,NA
2025-03-28T21:12:23,371,NA,NA,NA,NA,0.000155
2025-03-28T21:12:51,372,18.471516,NA,NA,NA,NA
2025-03-28T21:12:51,372,NA,NA,27973.212181,NA,NA
2025-03-28T21:12:51,372,NA,NA,NA,9.151612,NA
2025-03-28T21:12:51,372,NA,NA,NA,NA,0.000153
2025-03-28T21:13:19,373,17.682917,NA,NA,NA,NA
2025-03-28T21:13:19,373,NA,NA,28021.696018,NA,NA
2025-03-28T21:13:19,373,NA,NA,NA,9.135778,NA
2025-03-28T21:13:19,373,NA,NA,NA,NA,0.000151
2025-03-28T21:13:47,374,17.455273,NA,NA,NA,NA
2025-03-28T21:13:47,374,NA,NA,28010.713593,NA,NA
2025-03-28T21:13:47,374,NA,NA,NA,9.139360,NA
2025-03-28T21:13:47,374,NA,NA,NA,NA,0.000149
2025-03-28T21:14:15,375,18.252823,NA,NA,NA,NA
2025-03-28T21:14:15,375,NA,NA,28116.276895,NA,NA
2025-03-28T21:14:15,375,NA,NA,NA,9.105046,NA
2025-03-28T21:14:15,375,NA,NA,NA,NA,0.000146
2025-03-28T21:14:43,376,18.925011,NA,NA,NA,NA
2025-03-28T21:14:43,376,NA,NA,27983.294832,NA,NA
2025-03-28T21:14:43,376,NA,NA,NA,9.148315,NA
2025-03-28T21:14:43,376,NA,NA,NA,NA,0.000144
2025-03-28T21:15:11,377,17.698097,NA,NA,NA,NA
2025-03-28T21:15:11,377,NA,NA,28566.261812,NA,NA
2025-03-28T21:15:11,377,NA,NA,NA,8.961620,NA
2025-03-28T21:15:11,377,NA,NA,NA,NA,0.000142
2025-03-28T21:15:39,378,16.297346,NA,NA,NA,NA
2025-03-28T21:15:39,378,NA,NA,28194.900007,NA,NA
2025-03-28T21:15:39,378,NA,NA,NA,9.079657,NA
2025-03-28T21:15:39,378,NA,NA,NA,NA,0.000140
2025-03-28T21:16:08,379,18.404814,NA,NA,NA,NA
2025-03-28T21:16:08,379,NA,NA,28526.801744,NA,NA
2025-03-28T21:16:08,379,NA,NA,NA,8.974017,NA
2025-03-28T21:16:08,379,NA,NA,NA,NA,0.000138
2025-03-28T21:16:48,380,NA,17.799988,NA,NA,NA
2025-03-28T21:25:45,380,18.391182,NA,NA,NA,NA
2025-03-28T21:25:45,380,NA,NA,28120.943307,NA,NA
2025-03-28T21:25:45,380,NA,NA,NA,9.103536,NA
2025-03-28T21:25:45,380,NA,NA,NA,NA,0.000136
2025-03-28T21:26:13,381,17.685917,NA,NA,NA,NA
2025-03-28T21:26:13,381,NA,NA,28176.717256,NA,NA
2025-03-28T21:26:13,381,NA,NA,NA,9.085515,NA
2025-03-28T21:26:13,381,NA,NA,NA,NA,0.000133
2025-03-28T21:26:42,382,17.850765,NA,NA,NA,NA
2025-03-28T21:26:42,382,NA,NA,28433.877092,NA,NA
2025-03-28T21:26:42,382,NA,NA,NA,9.003345,NA
2025-03-28T21:26:42,382,NA,NA,NA,NA,0.000131
2025-03-28T21:27:10,383,17.352137,NA,NA,NA,NA
2025-03-28T21:27:10,383,NA,NA,27971.168172,NA,NA
2025-03-28T21:27:10,383,NA,NA,NA,9.152282,NA
2025-03-28T21:27:10,383,NA,NA,NA,NA,0.000129
2025-03-28T21:27:38,384,18.095526,NA,NA,NA,NA
2025-03-28T21:27:38,384,NA,NA,28019.834673,NA,NA
2025-03-28T21:27:38,384,NA,NA,NA,9.136385,NA
2025-03-28T21:27:38,384,NA,NA,NA,NA,0.000127
2025-03-28T21:28:05,385,18.529387,NA,NA,NA,NA
2025-03-28T21:28:05,385,NA,NA,27953.154521,NA,NA
2025-03-28T21:28:05,385,NA,NA,NA,9.158179,NA
2025-03-28T21:28:05,385,NA,NA,NA,NA,0.000125
2025-03-28T21:28:33,386,19.503984,NA,NA,NA,NA
2025-03-28T21:28:33,386,NA,NA,28021.714187,NA,NA
2025-03-28T21:28:33,386,NA,NA,NA,9.135773,NA
2025-03-28T21:28:33,386,NA,NA,NA,NA,0.000123
2025-03-28T21:29:02,387,19.262075,NA,NA,NA,NA
2025-03-28T21:29:02,387,NA,NA,28088.637681,NA,NA
2025-03-28T21:29:02,387,NA,NA,NA,9.114005,NA
2025-03-28T21:29:02,387,NA,NA,NA,NA,0.000121
2025-03-28T21:29:30,388,18.988144,NA,NA,NA,NA
2025-03-28T21:29:30,388,NA,NA,28035.116934,NA,NA
2025-03-28T21:29:30,388,NA,NA,NA,9.131405,NA
2025-03-28T21:29:30,388,NA,NA,NA,NA,0.000119
2025-03-28T21:29:58,389,18.581356,NA,NA,NA,NA
2025-03-28T21:29:58,389,NA,NA,28086.687308,NA,NA
2025-03-28T21:29:58,389,NA,NA,NA,9.114638,NA
2025-03-28T21:29:58,389,NA,NA,NA,NA,0.000117
2025-03-28T21:30:39,390,NA,17.399994,NA,NA,NA
2025-03-28T21:31:07,390,17.442877,NA,NA,NA,NA
2025-03-28T21:31:07,390,NA,NA,28056.112899,NA,NA
2025-03-28T21:31:07,390,NA,NA,NA,9.124571,NA
2025-03-28T21:31:07,390,NA,NA,NA,NA,0.000115
2025-03-28T21:31:35,391,18.234163,NA,NA,NA,NA
2025-03-28T21:31:35,391,NA,NA,28149.124594,NA,NA
2025-03-28T21:31:35,391,NA,NA,NA,9.094421,NA
2025-03-28T21:31:35,391,NA,NA,NA,NA,0.000113
2025-03-28T21:32:03,392,19.476072,NA,NA,NA,NA
2025-03-28T21:32:03,392,NA,NA,28077.513803,NA,NA
2025-03-28T21:32:03,392,NA,NA,NA,9.117617,NA
2025-03-28T21:32:03,392,NA,NA,NA,NA,0.000111
2025-03-28T21:32:31,393,19.109003,NA,NA,NA,NA
2025-03-28T21:32:31,393,NA,NA,28036.712725,NA,NA
2025-03-28T21:32:31,393,NA,NA,NA,9.130885,NA
2025-03-28T21:32:31,393,NA,NA,NA,NA,0.000109
2025-03-28T21:32:59,394,16.037031,NA,NA,NA,NA
2025-03-28T21:32:59,394,NA,NA,27959.168432,NA,NA
2025-03-28T21:32:59,394,NA,NA,NA,9.156209,NA
2025-03-28T21:32:59,394,NA,NA,NA,NA,0.000107
2025-03-28T21:33:27,395,17.324345,NA,NA,NA,NA
2025-03-28T21:33:27,395,NA,NA,28104.710889,NA,NA
2025-03-28T21:33:27,395,NA,NA,NA,9.108793,NA
2025-03-28T21:33:27,395,NA,NA,NA,NA,0.000105
2025-03-28T21:33:55,396,17.432438,NA,NA,NA,NA
2025-03-28T21:33:55,396,NA,NA,28177.771883,NA,NA
2025-03-28T21:33:55,396,NA,NA,NA,9.085176,NA
2025-03-28T21:33:55,396,NA,NA,NA,NA,0.000103
2025-03-28T21:34:23,397,18.759621,NA,NA,NA,NA
2025-03-28T21:34:23,397,NA,NA,28035.131476,NA,NA
2025-03-28T21:34:23,397,NA,NA,NA,9.131400,NA
2025-03-28T21:34:23,397,NA,NA,NA,NA,0.000101
2025-03-28T21:34:51,398,18.063761,NA,NA,NA,NA
2025-03-28T21:34:51,398,NA,NA,28061.450557,NA,NA
2025-03-28T21:34:51,398,NA,NA,NA,9.122835,NA
2025-03-28T21:34:51,398,NA,NA,NA,NA,0.000099
2025-03-28T21:35:19,399,17.445950,NA,NA,NA,NA
2025-03-28T21:35:19,399,NA,NA,28238.417607,NA,NA
2025-03-28T21:35:19,399,NA,NA,NA,9.065663,NA
2025-03-28T21:35:19,399,NA,NA,NA,NA,0.000097
2025-03-28T21:36:00,400,NA,17.000000,NA,NA,NA
2025-03-28T21:44:56,400,18.440367,NA,NA,NA,NA
2025-03-28T21:44:56,400,NA,NA,28149.029329,NA,NA
2025-03-28T21:44:56,400,NA,NA,NA,9.094452,NA
2025-03-28T21:44:56,400,NA,NA,NA,NA,0.000095
2025-03-28T21:45:25,401,17.720631,NA,NA,NA,NA
2025-03-28T21:45:25,401,NA,NA,28665.287133,NA,NA
2025-03-28T21:45:25,401,NA,NA,NA,8.930662,NA
2025-03-28T21:45:25,401,NA,NA,NA,NA,0.000094
2025-03-28T21:45:53,402,18.593973,NA,NA,NA,NA
2025-03-28T21:45:53,402,NA,NA,28068.662825,NA,NA
2025-03-28T21:45:53,402,NA,NA,NA,9.120491,NA
2025-03-28T21:45:53,402,NA,NA,NA,NA,0.000092
2025-03-28T21:46:22,403,17.298256,NA,NA,NA,NA
2025-03-28T21:46:22,403,NA,NA,28535.338451,NA,NA
2025-03-28T21:46:22,403,NA,NA,NA,8.971333,NA
2025-03-28T21:46:22,403,NA,NA,NA,NA,0.000090
2025-03-28T21:46:51,404,17.653767,NA,NA,NA,NA
2025-03-28T21:46:51,404,NA,NA,29626.382482,NA,NA
2025-03-28T21:46:51,404,NA,NA,NA,8.640947,NA
2025-03-28T21:46:51,404,NA,NA,NA,NA,0.000088
2025-03-28T21:47:21,405,17.471416,NA,NA,NA,NA
2025-03-28T21:47:21,405,NA,NA,29192.143841,NA,NA
2025-03-28T21:47:21,405,NA,NA,NA,8.769483,NA
2025-03-28T21:47:21,405,NA,NA,NA,NA,0.000086
2025-03-28T21:47:49,406,18.356535,NA,NA,NA,NA
2025-03-28T21:47:49,406,NA,NA,27993.294825,NA,NA
2025-03-28T21:47:49,406,NA,NA,NA,9.145047,NA
2025-03-28T21:47:49,406,NA,NA,NA,NA,0.000085
2025-03-28T21:48:17,407,18.707975,NA,NA,NA,NA
2025-03-28T21:48:17,407,NA,NA,28085.771639,NA,NA
2025-03-28T21:48:17,407,NA,NA,NA,9.114936,NA
2025-03-28T21:48:17,407,NA,NA,NA,NA,0.000083
2025-03-28T21:48:45,408,17.917170,NA,NA,NA,NA
2025-03-28T21:48:45,408,NA,NA,28282.044725,NA,NA
2025-03-28T21:48:45,408,NA,NA,NA,9.051680,NA
2025-03-28T21:48:45,408,NA,NA,NA,NA,0.000081
2025-03-28T21:49:13,409,18.009048,NA,NA,NA,NA
2025-03-28T21:49:13,409,NA,NA,28109.119948,NA,NA
2025-03-28T21:49:13,409,NA,NA,NA,9.107365,NA
2025-03-28T21:49:13,409,NA,NA,NA,NA,0.000080
2025-03-28T21:49:53,410,NA,16.799988,NA,NA,NA
2025-03-28T21:50:21,410,18.688135,NA,NA,NA,NA
2025-03-28T21:50:21,410,NA,NA,28322.417611,NA,NA
2025-03-28T21:50:21,410,NA,NA,NA,9.038776,NA
2025-03-28T21:50:21,410,NA,NA,NA,NA,0.000078
2025-03-28T21:50:49,411,16.685106,NA,NA,NA,NA
2025-03-28T21:50:49,411,NA,NA,28026.570551,NA,NA
2025-03-28T21:50:49,411,NA,NA,NA,9.134190,NA
2025-03-28T21:50:49,411,NA,NA,NA,NA,0.000076
2025-03-28T21:51:18,412,16.920034,NA,NA,NA,NA
2025-03-28T21:51:18,412,NA,NA,28056.447341,NA,NA
2025-03-28T21:51:18,412,NA,NA,NA,9.124462,NA
2025-03-28T21:51:18,412,NA,NA,NA,NA,0.000075
2025-03-28T21:51:46,413,16.968906,NA,NA,NA,NA
2025-03-28T21:51:46,413,NA,NA,28218.694397,NA,NA
2025-03-28T21:51:46,413,NA,NA,NA,9.072001,NA
2025-03-28T21:51:46,413,NA,NA,NA,NA,0.000073
2025-03-28T21:52:14,414,18.573889,NA,NA,NA,NA
2025-03-28T21:52:14,414,NA,NA,28333.168205,NA,NA
2025-03-28T21:52:14,414,NA,NA,NA,9.035347,NA
2025-03-28T21:52:14,414,NA,NA,NA,NA,0.000071
2025-03-28T21:52:42,415,17.507036,NA,NA,NA,NA
2025-03-28T21:52:42,415,NA,NA,28376.502621,NA,NA
2025-03-28T21:52:42,415,NA,NA,NA,9.021548,NA
2025-03-28T21:52:42,415,NA,NA,NA,NA,0.000070
2025-03-28T21:53:11,416,20.285635,NA,NA,NA,NA
2025-03-28T21:53:11,416,NA,NA,28134.128897,NA,NA
2025-03-28T21:53:11,416,NA,NA,NA,9.099269,NA
2025-03-28T21:53:11,416,NA,NA,NA,NA,0.000068
2025-03-28T21:53:39,417,18.630091,NA,NA,NA,NA
2025-03-28T21:53:39,417,NA,NA,28309.208365,NA,NA
2025-03-28T21:53:39,417,NA,NA,NA,9.042994,NA
2025-03-28T21:53:39,417,NA,NA,NA,NA,0.000066
2025-03-28T21:54:07,418,17.604229,NA,NA,NA,NA
2025-03-28T21:54:07,418,NA,NA,28251.254401,NA,NA
2025-03-28T21:54:07,418,NA,NA,NA,9.061544,NA
2025-03-28T21:54:07,418,NA,NA,NA,NA,0.000065
2025-03-28T21:54:35,419,18.039240,NA,NA,NA,NA
2025-03-28T21:54:35,419,NA,NA,28218.621958,NA,NA
2025-03-28T21:54:35,419,NA,NA,NA,9.072023,NA
2025-03-28T21:54:35,419,NA,NA,NA,NA,0.000063
2025-03-28T21:55:16,420,NA,17.399994,NA,NA,NA
2025-03-28T22:04:14,420,17.256454,NA,NA,NA,NA
2025-03-28T22:04:14,420,NA,NA,28089.853485,NA,NA
2025-03-28T22:04:14,420,NA,NA,NA,9.113611,NA
2025-03-28T22:04:14,420,NA,NA,NA,NA,0.000062
2025-03-28T22:04:42,421,16.561543,NA,NA,NA,NA
2025-03-28T22:04:42,421,NA,NA,28014.456025,NA,NA
2025-03-28T22:04:42,421,NA,NA,NA,9.138139,NA
2025-03-28T22:04:42,421,NA,NA,NA,NA,0.000060
2025-03-28T22:05:10,422,17.801914,NA,NA,NA,NA
2025-03-28T22:05:10,422,NA,NA,28088.579202,NA,NA
2025-03-28T22:05:10,422,NA,NA,NA,9.114024,NA
2025-03-28T22:05:10,422,NA,NA,NA,NA,0.000059
2025-03-28T22:05:38,423,18.268892,NA,NA,NA,NA
2025-03-28T22:05:38,423,NA,NA,28174.419228,NA,NA
2025-03-28T22:05:38,423,NA,NA,NA,9.086257,NA
2025-03-28T22:05:38,423,NA,NA,NA,NA,0.000057
2025-03-28T22:06:06,424,17.824017,NA,NA,NA,NA
2025-03-28T22:06:06,424,NA,NA,28273.404113,NA,NA
2025-03-28T22:06:06,424,NA,NA,NA,9.054445,NA
2025-03-28T22:06:06,424,NA,NA,NA,NA,0.000056
2025-03-28T22:06:34,425,18.748699,NA,NA,NA,NA
2025-03-28T22:06:34,425,NA,NA,28235.711922,NA,NA
2025-03-28T22:06:34,425,NA,NA,NA,9.066532,NA
2025-03-28T22:06:34,425,NA,NA,NA,NA,0.000054
2025-03-28T22:07:03,426,17.317389,NA,NA,NA,NA
2025-03-28T22:07:03,426,NA,NA,28383.681287,NA,NA
2025-03-28T22:07:03,426,NA,NA,NA,9.019267,NA
2025-03-28T22:07:03,426,NA,NA,NA,NA,0.000053
2025-03-28T22:07:31,427,17.792671,NA,NA,NA,NA
2025-03-28T22:07:31,427,NA,NA,28272.932441,NA,NA
2025-03-28T22:07:31,427,NA,NA,NA,9.054597,NA
2025-03-28T22:07:31,427,NA,NA,NA,NA,0.000052
2025-03-28T22:07:59,428,18.194300,NA,NA,NA,NA
2025-03-28T22:07:59,428,NA,NA,28200.320471,NA,NA
2025-03-28T22:07:59,428,NA,NA,NA,9.077911,NA
2025-03-28T22:07:59,428,NA,NA,NA,NA,0.000050
2025-03-28T22:08:27,429,19.106506,NA,NA,NA,NA
2025-03-28T22:08:27,429,NA,NA,28202.241501,NA,NA
2025-03-28T22:08:27,429,NA,NA,NA,9.077292,NA
2025-03-28T22:08:27,429,NA,NA,NA,NA,0.000049
2025-03-28T22:09:08,430,NA,18.199997,NA,NA,NA
2025-03-28T22:09:36,430,18.847059,NA,NA,NA,NA
2025-03-28T22:09:36,430,NA,NA,28195.342431,NA,NA
2025-03-28T22:09:36,430,NA,NA,NA,9.079514,NA
2025-03-28T22:09:36,430,NA,NA,NA,NA,0.000048
2025-03-28T22:10:04,431,18.099430,NA,NA,NA,NA
2025-03-28T22:10:04,431,NA,NA,28147.312057,NA,NA
2025-03-28T22:10:04,431,NA,NA,NA,9.095007,NA
2025-03-28T22:10:04,431,NA,NA,NA,NA,0.000046
2025-03-28T22:10:32,432,16.510054,NA,NA,NA,NA
2025-03-28T22:10:32,432,NA,NA,28163.192516,NA,NA
2025-03-28T22:10:32,432,NA,NA,NA,9.089879,NA
2025-03-28T22:10:32,432,NA,NA,NA,NA,0.000045
2025-03-28T22:11:00,433,18.306841,NA,NA,NA,NA
2025-03-28T22:11:00,433,NA,NA,28013.078302,NA,NA
2025-03-28T22:11:00,433,NA,NA,NA,9.138589,NA
2025-03-28T22:11:00,433,NA,NA,NA,NA,0.000044
2025-03-28T22:11:28,434,18.733105,NA,NA,NA,NA
2025-03-28T22:11:28,434,NA,NA,28043.158975,NA,NA
2025-03-28T22:11:28,434,NA,NA,NA,9.128786,NA
2025-03-28T22:11:28,434,NA,NA,NA,NA,0.000042
2025-03-28T22:11:57,435,17.893864,NA,NA,NA,NA
2025-03-28T22:11:57,435,NA,NA,28483.907604,NA,NA
2025-03-28T22:11:57,435,NA,NA,NA,8.987531,NA
2025-03-28T22:11:57,435,NA,NA,NA,NA,0.000041
2025-03-28T22:12:28,436,18.235868,NA,NA,NA,NA
2025-03-28T22:12:28,436,NA,NA,31124.574341,NA,NA
2025-03-28T22:12:28,436,NA,NA,NA,8.225012,NA
2025-03-28T22:12:28,436,NA,NA,NA,NA,0.000040
2025-03-28T22:12:57,437,17.784578,NA,NA,NA,NA
2025-03-28T22:12:57,437,NA,NA,28706.434378,NA,NA
2025-03-28T22:12:57,437,NA,NA,NA,8.917861,NA
2025-03-28T22:12:57,437,NA,NA,NA,NA,0.000039
2025-03-28T22:13:25,438,17.110661,NA,NA,NA,NA
2025-03-28T22:13:25,438,NA,NA,27934.304541,NA,NA
2025-03-28T22:13:25,438,NA,NA,NA,9.164359,NA
2025-03-28T22:13:25,438,NA,NA,NA,NA,0.000037
2025-03-28T22:13:53,439,17.370054,NA,NA,NA,NA
2025-03-28T22:13:53,439,NA,NA,28114.326368,NA,NA
2025-03-28T22:13:53,439,NA,NA,NA,9.105678,NA
2025-03-28T22:13:53,439,NA,NA,NA,NA,0.000036
2025-03-28T22:14:33,440,NA,17.799988,NA,NA,NA
2025-03-28T22:23:29,440,17.872643,NA,NA,NA,NA
2025-03-28T22:23:29,440,NA,NA,28181.373980,NA,NA
2025-03-28T22:23:29,440,NA,NA,NA,9.084014,NA
2025-03-28T22:23:29,440,NA,NA,NA,NA,0.000035
2025-03-28T22:23:58,441,17.292994,NA,NA,NA,NA
2025-03-28T22:23:58,441,NA,NA,28120.174055,NA,NA
2025-03-28T22:23:58,441,NA,NA,NA,9.103785,NA
2025-03-28T22:23:58,441,NA,NA,NA,NA,0.000034
2025-03-28T22:24:26,442,19.685022,NA,NA,NA,NA
2025-03-28T22:24:26,442,NA,NA,28442.070059,NA,NA
2025-03-28T22:24:26,442,NA,NA,NA,9.000751,NA
2025-03-28T22:24:26,442,NA,NA,NA,NA,0.000033
2025-03-28T22:24:54,443,18.059282,NA,NA,NA,NA
2025-03-28T22:24:54,443,NA,NA,28338.666990,NA,NA
2025-03-28T22:24:54,443,NA,NA,NA,9.033593,NA
2025-03-28T22:24:54,443,NA,NA,NA,NA,0.000032
2025-03-28T22:25:25,444,16.613585,NA,NA,NA,NA
2025-03-28T22:25:25,444,NA,NA,30391.192732,NA,NA
2025-03-28T22:25:25,444,NA,NA,NA,8.423493,NA
2025-03-28T22:25:25,444,NA,NA,NA,NA,0.000031
2025-03-28T22:25:53,445,18.232964,NA,NA,NA,NA
2025-03-28T22:25:53,445,NA,NA,28132.997775,NA,NA
2025-03-28T22:25:53,445,NA,NA,NA,9.099634,NA
2025-03-28T22:25:53,445,NA,NA,NA,NA,0.000030
2025-03-28T22:26:21,446,18.352156,NA,NA,NA,NA
2025-03-28T22:26:21,446,NA,NA,28244.441569,NA,NA
2025-03-28T22:26:21,446,NA,NA,NA,9.063730,NA
2025-03-28T22:26:21,446,NA,NA,NA,NA,0.000029
2025-03-28T22:26:50,447,18.329994,NA,NA,NA,NA
2025-03-28T22:26:50,447,NA,NA,28595.698039,NA,NA
2025-03-28T22:26:50,447,NA,NA,NA,8.952395,NA
2025-03-28T22:26:50,447,NA,NA,NA,NA,0.000027
2025-03-28T22:27:18,448,18.167322,NA,NA,NA,NA
2025-03-28T22:27:18,448,NA,NA,28091.940618,NA,NA
2025-03-28T22:27:18,448,NA,NA,NA,9.112934,NA
2025-03-28T22:27:18,448,NA,NA,NA,NA,0.000026
2025-03-28T22:27:46,449,17.085991,NA,NA,NA,NA
2025-03-28T22:27:46,449,NA,NA,27997.512669,NA,NA
2025-03-28T22:27:46,449,NA,NA,NA,9.143669,NA
2025-03-28T22:27:46,449,NA,NA,NA,NA,0.000025
2025-03-28T22:28:26,450,NA,17.599991,NA,NA,NA
2025-03-28T22:28:54,450,17.981453,NA,NA,NA,NA
2025-03-28T22:28:54,450,NA,NA,28182.814889,NA,NA
2025-03-28T22:28:54,450,NA,NA,NA,9.083549,NA
2025-03-28T22:28:54,450,NA,NA,NA,NA,0.000024
2025-03-28T22:29:22,451,18.685305,NA,NA,NA,NA
2025-03-28T22:29:22,451,NA,NA,28032.771313,NA,NA
2025-03-28T22:29:22,451,NA,NA,NA,9.132169,NA
2025-03-28T22:29:22,451,NA,NA,NA,NA,0.000024
2025-03-28T22:29:50,452,18.160082,NA,NA,NA,NA
2025-03-28T22:29:50,452,NA,NA,28030.798961,NA,NA
2025-03-28T22:29:50,452,NA,NA,NA,9.132812,NA
2025-03-28T22:29:50,452,NA,NA,NA,NA,0.000023
2025-03-28T22:30:19,453,18.321930,NA,NA,NA,NA
2025-03-28T22:30:19,453,NA,NA,28795.211174,NA,NA
2025-03-28T22:30:19,453,NA,NA,NA,8.890368,NA
2025-03-28T22:30:19,453,NA,NA,NA,NA,0.000022
2025-03-28T22:30:47,454,16.591917,NA,NA,NA,NA
2025-03-28T22:30:47,454,NA,NA,28163.749703,NA,NA
2025-03-28T22:30:47,454,NA,NA,NA,9.089699,NA
2025-03-28T22:30:47,454,NA,NA,NA,NA,0.000021
2025-03-28T22:31:16,455,19.198664,NA,NA,NA,NA
2025-03-28T22:31:16,455,NA,NA,28242.495589,NA,NA
2025-03-28T22:31:16,455,NA,NA,NA,9.064355,NA
2025-03-28T22:31:16,455,NA,NA,NA,NA,0.000020
2025-03-28T22:31:44,456,18.077307,NA,NA,NA,NA
2025-03-28T22:31:44,456,NA,NA,28068.494199,NA,NA
2025-03-28T22:31:44,456,NA,NA,NA,9.120546,NA
2025-03-28T22:31:44,456,NA,NA,NA,NA,0.000019
2025-03-28T22:32:12,457,18.696426,NA,NA,NA,NA
2025-03-28T22:32:12,457,NA,NA,28088.178284,NA,NA
2025-03-28T22:32:12,457,NA,NA,NA,9.114155,NA
2025-03-28T22:32:12,457,NA,NA,NA,NA,0.000018
2025-03-28T22:32:40,458,19.052698,NA,NA,NA,NA
2025-03-28T22:32:40,458,NA,NA,28077.381517,NA,NA
2025-03-28T22:32:40,458,NA,NA,NA,9.117660,NA
2025-03-28T22:32:40,458,NA,NA,NA,NA,0.000017
2025-03-28T22:33:08,459,18.641249,NA,NA,NA,NA
2025-03-28T22:33:08,459,NA,NA,28148.632411,NA,NA
2025-03-28T22:33:08,459,NA,NA,NA,9.094581,NA
2025-03-28T22:33:08,459,NA,NA,NA,NA,0.000016
2025-03-28T22:33:48,460,NA,17.399994,NA,NA,NA
2025-03-28T22:42:50,460,17.679365,NA,NA,NA,NA
2025-03-28T22:42:50,460,NA,NA,28100.123246,NA,NA
2025-03-28T22:42:50,460,NA,NA,NA,9.110280,NA
2025-03-28T22:42:50,460,NA,NA,NA,NA,0.000016
2025-03-28T22:43:18,461,17.203054,NA,NA,NA,NA
2025-03-28T22:43:18,461,NA,NA,28102.530262,NA,NA
2025-03-28T22:43:18,461,NA,NA,NA,9.109500,NA
2025-03-28T22:43:18,461,NA,NA,NA,NA,0.000015
2025-03-28T22:43:46,462,17.255697,NA,NA,NA,NA
2025-03-28T22:43:46,462,NA,NA,28131.964864,NA,NA
2025-03-28T22:43:46,462,NA,NA,NA,9.099969,NA
2025-03-28T22:43:46,462,NA,NA,NA,NA,0.000014
2025-03-28T22:44:14,463,18.279007,NA,NA,NA,NA
2025-03-28T22:44:14,463,NA,NA,28183.405436,NA,NA
2025-03-28T22:44:14,463,NA,NA,NA,9.083360,NA
2025-03-28T22:44:14,463,NA,NA,NA,NA,0.000013
2025-03-28T22:44:42,464,17.114237,NA,NA,NA,NA
2025-03-28T22:44:42,464,NA,NA,28153.851673,NA,NA
2025-03-28T22:44:42,464,NA,NA,NA,9.092895,NA
2025-03-28T22:44:42,464,NA,NA,NA,NA,0.000013
2025-03-28T22:45:11,465,17.570351,NA,NA,NA,NA
2025-03-28T22:45:11,465,NA,NA,28457.163501,NA,NA
2025-03-28T22:45:11,465,NA,NA,NA,8.995977,NA
2025-03-28T22:45:11,465,NA,NA,NA,NA,0.000012
2025-03-28T22:45:39,466,18.289597,NA,NA,NA,NA
2025-03-28T22:45:39,466,NA,NA,28178.441418,NA,NA
2025-03-28T22:45:39,466,NA,NA,NA,9.084960,NA
2025-03-28T22:45:39,466,NA,NA,NA,NA,0.000011
2025-03-28T22:46:07,467,18.661884,NA,NA,NA,NA
2025-03-28T22:46:07,467,NA,NA,28085.458849,NA,NA
2025-03-28T22:46:07,467,NA,NA,NA,9.115037,NA
2025-03-28T22:46:07,467,NA,NA,NA,NA,0.000011
2025-03-28T22:46:35,468,17.250484,NA,NA,NA,NA
2025-03-28T22:46:35,468,NA,NA,28116.095577,NA,NA
2025-03-28T22:46:35,468,NA,NA,NA,9.105104,NA
2025-03-28T22:46:35,468,NA,NA,NA,NA,0.000010
2025-03-28T22:47:03,469,17.138287,NA,NA,NA,NA
2025-03-28T22:47:03,469,NA,NA,28070.205960,NA,NA
2025-03-28T22:47:03,469,NA,NA,NA,9.119990,NA
2025-03-28T22:47:03,469,NA,NA,NA,NA,0.000009
2025-03-28T22:47:43,470,NA,16.599991,NA,NA,NA
2025-03-28T22:48:11,470,17.352303,NA,NA,NA,NA
2025-03-28T22:48:11,470,NA,NA,28082.738268,NA,NA
2025-03-28T22:48:11,470,NA,NA,NA,9.115920,NA
2025-03-28T22:48:11,470,NA,NA,NA,NA,0.000009
2025-03-28T22:48:39,471,18.596275,NA,NA,NA,NA
2025-03-28T22:48:39,471,NA,NA,28097.957230,NA,NA
2025-03-28T22:48:39,471,NA,NA,NA,9.110983,NA
2025-03-28T22:48:39,471,NA,NA,NA,NA,0.000008
2025-03-28T22:49:07,472,17.450069,NA,NA,NA,NA
2025-03-28T22:49:07,472,NA,NA,28118.050796,NA,NA
2025-03-28T22:49:07,472,NA,NA,NA,9.104472,NA
2025-03-28T22:49:07,472,NA,NA,NA,NA,0.000008
2025-03-28T22:49:35,473,19.475370,NA,NA,NA,NA
2025-03-28T22:49:35,473,NA,NA,28024.124374,NA,NA
2025-03-28T22:49:35,473,NA,NA,NA,9.134987,NA
2025-03-28T22:49:35,473,NA,NA,NA,NA,0.000007
2025-03-28T22:50:04,474,17.829981,NA,NA,NA,NA
2025-03-28T22:50:04,474,NA,NA,28203.085626,NA,NA
2025-03-28T22:50:04,474,NA,NA,NA,9.077021,NA
2025-03-28T22:50:04,474,NA,NA,NA,NA,0.000007
2025-03-28T22:50:32,475,17.824215,NA,NA,NA,NA
2025-03-28T22:50:32,475,NA,NA,28180.966380,NA,NA
2025-03-28T22:50:32,475,NA,NA,NA,9.084146,NA
2025-03-28T22:50:32,475,NA,NA,NA,NA,0.000006
2025-03-28T22:51:00,476,18.372957,NA,NA,NA,NA
2025-03-28T22:51:00,476,NA,NA,28129.274374,NA,NA
2025-03-28T22:51:00,476,NA,NA,NA,9.100839,NA
2025-03-28T22:51:00,476,NA,NA,NA,NA,0.000006
2025-03-28T22:51:28,477,18.217230,NA,NA,NA,NA
2025-03-28T22:51:28,477,NA,NA,28256.648566,NA,NA
2025-03-28T22:51:28,477,NA,NA,NA,9.059814,NA
2025-03-28T22:51:28,477,NA,NA,NA,NA,0.000005
2025-03-28T22:51:57,478,17.696959,NA,NA,NA,NA
2025-03-28T22:51:57,478,NA,NA,28275.560839,NA,NA
2025-03-28T22:51:57,478,NA,NA,NA,9.053755,NA
2025-03-28T22:51:57,478,NA,NA,NA,NA,0.000005
2025-03-28T22:52:25,479,18.001720,NA,NA,NA,NA
2025-03-28T22:52:25,479,NA,NA,28399.949249,NA,NA
2025-03-28T22:52:25,479,NA,NA,NA,9.014101,NA
2025-03-28T22:52:25,479,NA,NA,NA,NA,0.000004
2025-03-28T22:53:05,480,NA,16.599991,NA,NA,NA
2025-03-28T23:02:02,480,17.690475,NA,NA,NA,NA
2025-03-28T23:02:02,480,NA,NA,28254.277047,NA,NA
2025-03-28T23:02:02,480,NA,NA,NA,9.060575,NA
2025-03-28T23:02:02,480,NA,NA,NA,NA,0.000004
2025-03-28T23:02:30,481,17.211292,NA,NA,NA,NA
2025-03-28T23:02:30,481,NA,NA,28178.365377,NA,NA
2025-03-28T23:02:30,481,NA,NA,NA,9.084984,NA
2025-03-28T23:02:30,481,NA,NA,NA,NA,0.000004
2025-03-28T23:02:58,482,17.777260,NA,NA,NA,NA
2025-03-28T23:02:58,482,NA,NA,28123.081888,NA,NA
2025-03-28T23:02:58,482,NA,NA,NA,9.102843,NA
2025-03-28T23:02:58,482,NA,NA,NA,NA,0.000003
2025-03-28T23:03:26,483,17.356508,NA,NA,NA,NA
2025-03-28T23:03:26,483,NA,NA,28223.124354,NA,NA
2025-03-28T23:03:26,483,NA,NA,NA,9.070577,NA
2025-03-28T23:03:26,483,NA,NA,NA,NA,0.000003
2025-03-28T23:03:54,484,18.764278,NA,NA,NA,NA
2025-03-28T23:03:54,484,NA,NA,28204.822268,NA,NA
2025-03-28T23:03:54,484,NA,NA,NA,9.076462,NA
2025-03-28T23:03:54,484,NA,NA,NA,NA,0.000003
2025-03-28T23:04:22,485,18.306101,NA,NA,NA,NA
2025-03-28T23:04:22,485,NA,NA,27993.833191,NA,NA
2025-03-28T23:04:22,485,NA,NA,NA,9.144872,NA
2025-03-28T23:04:22,485,NA,NA,NA,NA,0.000002
2025-03-28T23:04:51,486,17.167976,NA,NA,NA,NA
2025-03-28T23:04:51,486,NA,NA,28120.836126,NA,NA
2025-03-28T23:04:51,486,NA,NA,NA,9.103570,NA
2025-03-28T23:04:51,486,NA,NA,NA,NA,0.000002
2025-03-28T23:05:19,487,16.819496,NA,NA,NA,NA
2025-03-28T23:05:19,487,NA,NA,28258.640478,NA,NA
2025-03-28T23:05:19,487,NA,NA,NA,9.059176,NA
2025-03-28T23:05:19,487,NA,NA,NA,NA,0.000002
2025-03-28T23:05:47,488,19.441603,NA,NA,NA,NA
2025-03-28T23:05:47,488,NA,NA,28130.723721,NA,NA
2025-03-28T23:05:47,488,NA,NA,NA,9.100370,NA
2025-03-28T23:05:47,488,NA,NA,NA,NA,0.000001
2025-03-28T23:06:15,489,17.892300,NA,NA,NA,NA
2025-03-28T23:06:15,489,NA,NA,28250.661132,NA,NA
2025-03-28T23:06:15,489,NA,NA,NA,9.061735,NA
2025-03-28T23:06:15,489,NA,NA,NA,NA,0.000001
2025-03-28T23:06:56,490,NA,16.599991,NA,NA,NA
2025-03-28T23:07:24,490,18.801449,NA,NA,NA,NA
2025-03-28T23:07:24,490,NA,NA,28366.106413,NA,NA
2025-03-28T23:07:24,490,NA,NA,NA,9.024855,NA
2025-03-28T23:07:24,490,NA,NA,NA,NA,0.000001
2025-03-28T23:07:52,491,18.453089,NA,NA,NA,NA
2025-03-28T23:07:52,491,NA,NA,28299.417237,NA,NA
2025-03-28T23:07:52,491,NA,NA,NA,9.046123,NA
2025-03-28T23:07:52,491,NA,NA,NA,NA,0.000001
2025-03-28T23:08:21,492,18.902315,NA,NA,NA,NA
2025-03-28T23:08:21,492,NA,NA,28374.593744,NA,NA
2025-03-28T23:08:21,492,NA,NA,NA,9.022156,NA
2025-03-28T23:08:21,492,NA,NA,NA,NA,0.000001
2025-03-28T23:08:49,493,19.342310,NA,NA,NA,NA
2025-03-28T23:08:49,493,NA,NA,28272.410146,NA,NA
2025-03-28T23:08:49,493,NA,NA,NA,9.054764,NA
2025-03-28T23:08:49,493,NA,NA,NA,NA,0.000000
2025-03-28T23:09:17,494,19.813114,NA,NA,NA,NA
2025-03-28T23:09:17,494,NA,NA,28254.876465,NA,NA
2025-03-28T23:09:17,494,NA,NA,NA,9.060383,NA
2025-03-28T23:09:17,494,NA,NA,NA,NA,0.000000
2025-03-28T23:09:45,495,17.441296,NA,NA,NA,NA
2025-03-28T23:09:45,495,NA,NA,28297.575664,NA,NA
2025-03-28T23:09:45,495,NA,NA,NA,9.046711,NA
2025-03-28T23:09:45,495,NA,NA,NA,NA,0.000000
2025-03-28T23:10:14,496,18.589857,NA,NA,NA,NA
2025-03-28T23:10:14,496,NA,NA,28171.819553,NA,NA
2025-03-28T23:10:14,496,NA,NA,NA,9.087095,NA
2025-03-28T23:10:14,496,NA,NA,NA,NA,0.000000
2025-03-28T23:10:42,497,18.507204,NA,NA,NA,NA
2025-03-28T23:10:42,497,NA,NA,28274.966324,NA,NA
2025-03-28T23:10:42,497,NA,NA,NA,9.053946,NA
2025-03-28T23:10:42,497,NA,NA,NA,NA,0.000000
2025-03-28T23:11:10,498,17.516457,NA,NA,NA,NA
2025-03-28T23:11:10,498,NA,NA,28117.227803,NA,NA
2025-03-28T23:11:10,498,NA,NA,NA,9.104738,NA
2025-03-28T23:11:10,498,NA,NA,NA,NA,0.000000
2025-03-28T23:11:38,499,17.087336,NA,NA,NA,NA
2025-03-28T23:11:38,499,NA,NA,28132.194619,NA,NA
2025-03-28T23:11:38,499,NA,NA,NA,9.099895,NA
2025-03-28T23:11:38,499,NA,NA,NA,NA,0.000000
2025-03-28T23:12:19,500,NA,16.599991,NA,NA,NA
2025-03-28T23:21:13,500,18.256550,NA,NA,NA,NA
2025-03-28T23:21:13,500,NA,NA,28140.405977,NA,NA
2025-03-28T23:21:13,500,NA,NA,NA,9.097239,NA
2025-03-28T23:21:13,500,NA,NA,NA,NA,0.000000
