input,fixed_point_tanh,std_tanh
-10.000000,-1.000000,-1.000000
-9.990000,-1.000000,-1.000000
-9.980000,-1.000000,-1.000000
-9.969999,-1.000000,-1.000000
-9.959999,-1.000000,-1.000000
-9.949999,-1.000000,-1.000000
-9.939999,-1.000000,-1.000000
-9.929998,-1.000000,-1.000000
-9.919998,-1.000000,-1.000000
-9.909998,-1.000000,-1.000000
-9.899998,-1.000000,-1.000000
-9.889997,-1.000000,-1.000000
-9.879997,-1.000000,-1.000000
-9.869997,-1.000000,-1.000000
-9.859997,-1.000000,-1.000000
-9.849997,-1.000000,-1.000000
-9.839996,-1.000000,-1.000000
-9.829996,-1.000000,-1.000000
-9.819996,-1.000000,-1.000000
-9.809996,-1.000000,-1.000000
-9.799995,-1.000000,-1.000000
-9.789995,-1.000000,-1.000000
-9.779995,-1.000000,-1.000000
-9.769995,-1.000000,-1.000000
-9.759995,-1.000000,-1.000000
-9.749994,-1.000000,-1.000000
-9.739994,-1.000000,-1.000000
-9.729994,-1.000000,-1.000000
-9.719994,-1.000000,-1.000000
-9.709993,-1.000000,-1.000000
-9.699993,-1.000000,-1.000000
-9.689993,-1.000000,-1.000000
-9.679993,-1.000000,-1.000000
-9.669992,-1.000000,-1.000000
-9.659992,-1.000000,-1.000000
-9.649992,-1.000000,-1.000000
-9.639992,-1.000000,-1.000000
-9.629992,-1.000000,-1.000000
-9.619991,-1.000000,-1.000000
-9.609991,-1.000000,-1.000000
-9.599991,-1.000000,-1.000000
-9.589991,-1.000000,-1.000000
-9.579990,-1.000000,-1.000000
-9.569990,-1.000000,-1.000000
-9.559990,-1.000000,-1.000000
-9.549990,-1.000000,-1.000000
-9.539989,-1.000000,-1.000000
-9.529989,-1.000000,-1.000000
-9.519989,-1.000000,-1.000000
-9.509989,-1.000000,-1.000000
-9.499989,-1.000000,-1.000000
-9.489988,-1.000000,-1.000000
-9.479988,-1.000000,-1.000000
-9.469988,-1.000000,-1.000000
-9.459988,-1.000000,-1.000000
-9.449987,-1.000000,-1.000000
-9.439987,-1.000000,-1.000000
-9.429987,-1.000000,-1.000000
-9.419987,-1.000000,-1.000000
-9.409986,-1.000000,-1.000000
-9.399986,-1.000000,-1.000000
-9.389986,-1.000000,-1.000000
-9.379986,-1.000000,-1.000000
-9.369986,-1.000000,-1.000000
-9.359985,-1.000000,-1.000000
-9.349985,-1.000000,-1.000000
-9.339985,-1.000000,-1.000000
-9.329985,-1.000000,-1.000000
-9.319984,-1.000000,-1.000000
-9.309984,-1.000000,-1.000000
-9.299984,-1.000000,-1.000000
-9.289984,-1.000000,-1.000000
-9.279984,-1.000000,-1.000000
-9.269983,-1.000000,-1.000000
-9.259983,-1.000000,-1.000000
-9.249983,-1.000000,-1.000000
-9.239983,-1.000000,-1.000000
-9.229982,-1.000000,-1.000000
-9.219982,-1.000000,-1.000000
-9.209982,-1.000000,-1.000000
-9.199982,-1.000000,-1.000000
-9.189981,-1.000000,-1.000000
-9.179981,-1.000000,-1.000000
-9.169981,-1.000000,-1.000000
-9.159981,-1.000000,-1.000000
-9.149981,-1.000000,-1.000000
-9.139980,-1.000000,-1.000000
-9.129980,-1.000000,-1.000000
-9.119980,-1.000000,-1.000000
-9.109980,-1.000000,-1.000000
-9.099979,-1.000000,-1.000000
-9.089979,-1.000000,-1.000000
-9.079979,-1.000000,-1.000000
-9.069979,-1.000000,-1.000000
-9.059978,-1.000000,-1.000000
-9.049978,-1.000000,-1.000000
-9.039978,-1.000000,-1.000000
-9.029978,-1.000000,-1.000000
-9.019978,-1.000000,-1.000000
-9.009977,-1.000000,-1.000000
-8.999977,-1.000000,-1.000000
-8.989977,-1.000000,-1.000000
-8.979977,-1.000000,-1.000000
-8.969976,-1.000000,-1.000000
-8.959976,-1.000000,-1.000000
-8.949976,-1.000000,-1.000000
-8.939976,-1.000000,-1.000000
-8.929976,-1.000000,-1.000000
-8.919975,-1.000000,-1.000000
-8.909975,-1.000000,-1.000000
-8.899975,-1.000000,-1.000000
-8.889975,-1.000000,-1.000000
-8.879974,-1.000000,-1.000000
-8.869974,-1.000000,-1.000000
-8.859974,-1.000000,-1.000000
-8.849974,-1.000000,-1.000000
-8.839973,-1.000000,-1.000000
-8.829973,-1.000000,-1.000000
-8.819973,-1.000000,-1.000000
-8.809973,-1.000000,-1.000000
-8.799973,-1.000000,-1.000000
-8.789972,-1.000000,-1.000000
-8.779972,-1.000000,-1.000000
-8.769972,-1.000000,-1.000000
-8.759972,-1.000000,-1.000000
-8.749971,-1.000000,-1.000000
-8.739971,-1.000000,-1.000000
-8.729971,-1.000000,-1.000000
-8.719971,-1.000000,-1.000000
-8.709970,-1.000000,-1.000000
-8.699970,-1.000000,-1.000000
-8.689970,-1.000000,-1.000000
-8.679970,-1.000000,-1.000000
-8.669970,-1.000000,-1.000000
-8.659969,-1.000000,-1.000000
-8.649969,-1.000000,-1.000000
-8.639969,-1.000000,-1.000000
-8.629969,-1.000000,-1.000000
-8.619968,-1.000000,-1.000000
-8.609968,-1.000000,-1.000000
-8.599968,-1.000000,-1.000000
-8.589968,-1.000000,-1.000000
-8.579967,-1.000000,-1.000000
-8.569967,-1.000000,-1.000000
-8.559967,-1.000000,-1.000000
-8.549967,-1.000000,-1.000000
-8.539967,-1.000000,-1.000000
-8.529966,-1.000000,-1.000000
-8.519966,-1.000000,-1.000000
-8.509966,-1.000000,-1.000000
-8.499966,-1.000000,-1.000000
-8.489965,-1.000000,-1.000000
-8.479965,-1.000000,-1.000000
-8.469965,-1.000000,-1.000000
-8.459965,-1.000000,-1.000000
-8.449965,-1.000000,-1.000000
-8.439964,-1.000000,-1.000000
-8.429964,-1.000000,-1.000000
-8.419964,-1.000000,-1.000000
-8.409964,-1.000000,-1.000000
-8.399963,-1.000000,-1.000000
-8.389963,-1.000000,-1.000000
-8.379963,-1.000000,-1.000000
-8.369963,-1.000000,-1.000000
-8.359962,-1.000000,-1.000000
-8.349962,-1.000000,-1.000000
-8.339962,-1.000000,-1.000000
-8.329962,-1.000000,-1.000000
-8.319962,-1.000000,-1.000000
-8.309961,-1.000000,-1.000000
-8.299961,-1.000000,-1.000000
-8.289961,-1.000000,-1.000000
-8.279961,-1.000000,-1.000000
-8.269960,-1.000000,-1.000000
-8.259960,-1.000000,-1.000000
-8.249960,-1.000000,-1.000000
-8.239960,-1.000000,-1.000000
-8.229959,-1.000000,-1.000000
-8.219959,-1.000000,-1.000000
-8.209959,-1.000000,-1.000000
-8.199959,-1.000000,-1.000000
-8.189959,-1.000000,-1.000000
-8.179958,-1.000000,-1.000000
-8.169958,-1.000000,-1.000000
-8.159958,-1.000000,-1.000000
-8.149958,-1.000000,-1.000000
-8.139957,-1.000000,-1.000000
-8.129957,-1.000000,-1.000000
-8.119957,-1.000000,-1.000000
-8.109957,-1.000000,-1.000000
-8.099957,-1.000000,-1.000000
-8.089956,-1.000000,-1.000000
-8.079956,-1.000000,-1.000000
-8.069956,-1.000000,-1.000000
-8.059956,-1.000000,-1.000000
-8.049955,-1.000000,-1.000000
-8.039955,-1.000000,-1.000000
-8.029955,-1.000000,-1.000000
-8.019955,-1.000000,-1.000000
-8.009954,-1.000000,-1.000000
-7.999954,-1.000000,-1.000000
-7.989954,-1.000000,-1.000000
-7.979954,-1.000000,-1.000000
-7.969954,-1.000000,-1.000000
-7.959953,-1.000000,-1.000000
-7.949953,-1.000000,-1.000000
-7.939953,-1.000000,-1.000000
-7.929953,-1.000000,-1.000000
-7.919952,-1.000000,-1.000000
-7.909952,-1.000000,-1.000000
-7.899952,-1.000000,-1.000000
-7.889952,-1.000000,-1.000000
-7.879951,-1.000000,-1.000000
-7.869951,-1.000000,-1.000000
-7.859951,-1.000000,-1.000000
-7.849951,-1.000000,-1.000000
-7.839951,-1.000000,-1.000000
-7.829950,-1.000000,-1.000000
-7.819950,-1.000000,-1.000000
-7.809950,-1.000000,-1.000000
-7.799950,-1.000000,-1.000000
-7.789949,-1.000000,-1.000000
-7.779949,-1.000000,-1.000000
-7.769949,-1.000000,-1.000000
-7.759949,-1.000000,-1.000000
-7.749949,-1.000000,-1.000000
-7.739948,-1.000000,-1.000000
-7.729948,-1.000000,-1.000000
-7.719948,-1.000000,-1.000000
-7.709948,-1.000000,-1.000000
-7.699947,-1.000000,-1.000000
-7.689947,-1.000000,-1.000000
-7.679947,-1.000000,-1.000000
-7.669947,-1.000000,-1.000000
-7.659946,-1.000000,-1.000000
-7.649946,-1.000000,-1.000000
-7.639946,-1.000000,-1.000000
-7.629946,-1.000000,-1.000000
-7.619946,-1.000000,-1.000000
-7.609945,-1.000000,-1.000000
-7.599945,-1.000000,-1.000000
-7.589945,-1.000000,-0.999999
-7.579945,-1.000000,-0.999999
-7.569944,-1.000000,-0.999999
-7.559944,-1.000000,-0.999999
-7.549944,-1.000000,-0.999999
-7.539944,-1.000000,-0.999999
-7.529943,-1.000000,-0.999999
-7.519943,-1.000000,-0.999999
-7.509943,-1.000000,-0.999999
-7.499943,-1.000000,-0.999999
-7.489943,-1.000000,-0.999999
-7.479942,-1.000000,-0.999999
-7.469942,-1.000000,-0.999999
-7.459942,-1.000000,-0.999999
-7.449942,-1.000000,-0.999999
-7.439941,-1.000000,-0.999999
-7.429941,-1.000000,-0.999999
-7.419941,-1.000000,-0.999999
-7.409941,-1.000000,-0.999999
-7.399940,-1.000000,-0.999999
-7.389940,-1.000000,-0.999999
-7.379940,-1.000000,-0.999999
-7.369940,-1.000000,-0.999999
-7.359940,-1.000000,-0.999999
-7.349939,-1.000000,-0.999999
-7.339939,-1.000000,-0.999999
-7.329939,-1.000000,-0.999999
-7.319939,-1.000000,-0.999999
-7.309938,-1.000000,-0.999999
-7.299938,-1.000000,-0.999999
-7.289938,-1.000000,-0.999999
-7.279938,-1.000000,-0.999999
-7.269938,-1.000000,-0.999999
-7.259937,-1.000000,-0.999999
-7.249937,-1.000000,-0.999999
-7.239937,-1.000000,-0.999999
-7.229937,-1.000000,-0.999999
-7.219936,-1.000000,-0.999999
-7.209936,-1.000000,-0.999999
-7.199936,-1.000000,-0.999999
-7.189936,-1.000000,-0.999999
-7.179935,-1.000000,-0.999999
-7.169935,-1.000000,-0.999999
-7.159935,-1.000000,-0.999999
-7.149935,-1.000000,-0.999999
-7.139935,-1.000000,-0.999999
-7.129934,-1.000000,-0.999999
-7.119934,-1.000000,-0.999999
-7.109934,-1.000000,-0.999999
-7.099934,-1.000000,-0.999999
-7.089933,-1.000000,-0.999999
-7.079933,-1.000000,-0.999999
-7.069933,-1.000000,-0.999999
-7.059933,-1.000000,-0.999999
-7.049932,-1.000000,-0.999999
-7.039932,-1.000000,-0.999998
-7.029932,-1.000000,-0.999998
-7.019932,-1.000000,-0.999998
-7.009932,-1.000000,-0.999998
-6.999931,-1.000000,-0.999998
-6.989931,-1.000000,-0.999998
-6.979931,-1.000000,-0.999998
-6.969931,-1.000000,-0.999998
-6.959930,-1.000000,-0.999998
-6.949930,-1.000000,-0.999998
-6.939930,-1.000000,-0.999998
-6.929930,-1.000000,-0.999998
-6.919930,-1.000000,-0.999998
-6.909929,-1.000000,-0.999998
-6.899929,-1.000000,-0.999998
-6.889929,-1.000000,-0.999998
-6.879929,-1.000000,-0.999998
-6.869928,-1.000000,-0.999998
-6.859928,-1.000000,-0.999998
-6.849928,-1.000000,-0.999998
-6.839928,-1.000000,-0.999998
-6.829927,-1.000000,-0.999998
-6.819927,-1.000000,-0.999998
-6.809927,-1.000000,-0.999998
-6.799927,-1.000000,-0.999997
-6.789927,-1.000000,-0.999997
-6.779926,-1.000000,-0.999997
-6.769926,-1.000000,-0.999997
-6.759926,-1.000000,-0.999997
-6.749926,-1.000000,-0.999997
-6.739925,-1.000000,-0.999997
-6.729925,-1.000000,-0.999997
-6.719925,-1.000000,-0.999997
-6.709925,-1.000000,-0.999997
-6.699924,-1.000000,-0.999997
-6.689924,-1.000000,-0.999997
-6.679924,-1.000000,-0.999997
-6.669924,-1.000000,-0.999997
-6.659924,-1.000000,-0.999997
-6.649923,-1.000000,-0.999997
-6.639923,-1.000000,-0.999997
-6.629923,-1.000000,-0.999997
-6.619923,-1.000000,-0.999996
-6.609922,-1.000000,-0.999996
-6.599922,-1.000000,-0.999996
-6.589922,-1.000000,-0.999996
-6.579922,-1.000000,-0.999996
-6.569921,-1.000000,-0.999996
-6.559921,-1.000000,-0.999996
-6.549921,-1.000000,-0.999996
-6.539921,-1.000000,-0.999996
-6.529921,-1.000000,-0.999996
-6.519920,-1.000000,-0.999996
-6.509920,-1.000000,-0.999996
-6.499920,-1.000000,-0.999995
-6.489920,-1.000000,-0.999995
-6.479919,-1.000000,-0.999995
-6.469919,-1.000000,-0.999995
-6.459919,-1.000000,-0.999995
-6.449919,-1.000000,-0.999995
-6.439919,-1.000000,-0.999995
-6.429918,-1.000000,-0.999995
-6.419918,-1.000000,-0.999995
-6.409918,-1.000000,-0.999995
-6.399918,-1.000000,-0.999994
-6.389917,-1.000000,-0.999994
-6.379917,-1.000000,-0.999994
-6.369917,-1.000000,-0.999994
-6.359917,-1.000000,-0.999994
-6.349916,-1.000000,-0.999994
-6.339916,-1.000000,-0.999994
-6.329916,-1.000000,-0.999994
-6.319916,-1.000000,-0.999994
-6.309916,-1.000000,-0.999993
-6.299915,-1.000000,-0.999993
-6.289915,-1.000000,-0.999993
-6.279915,-1.000000,-0.999993
-6.269915,-1.000000,-0.999993
-6.259914,-1.000000,-0.999993
-6.249914,-1.000000,-0.999993
-6.239914,-1.000000,-0.999992
-6.229914,-1.000000,-0.999992
-6.219913,-1.000000,-0.999992
-6.209913,-1.000000,-0.999992
-6.199913,-1.000000,-0.999992
-6.189913,-1.000000,-0.999992
-6.179913,-1.000000,-0.999991
-6.169912,-1.000000,-0.999991
-6.159912,-1.000000,-0.999991
-6.149912,-1.000000,-0.999991
-6.139912,-1.000000,-0.999991
-6.129911,-1.000000,-0.999991
-6.119911,-1.000000,-0.999990
-6.109911,-1.000000,-0.999990
-6.099911,-1.000000,-0.999990
-6.089911,-1.000000,-0.999990
-6.079910,-1.000000,-0.999990
-6.069910,-1.000000,-0.999989
-6.059910,-1.000000,-0.999989
-6.049910,-1.000000,-0.999989
-6.039909,-1.000000,-0.999989
-6.029909,-1.000000,-0.999988
-6.019909,-1.000000,-0.999988
-6.009909,-1.000000,-0.999988
-5.999908,-1.000000,-0.999988
-5.989908,-1.000000,-0.999987
-5.979908,-1.000000,-0.999987
-5.969908,-1.000000,-0.999987
-5.959908,-1.000000,-0.999987
-5.949907,-1.000000,-0.999986
-5.939907,-1.000000,-0.999986
-5.929907,-1.000000,-0.999986
-5.919907,-1.000000,-0.999986
-5.909906,-1.000000,-0.999985
-5.899906,-1.000000,-0.999985
-5.889906,-1.000000,-0.999985
-5.879906,-1.000000,-0.999984
-5.869905,-1.000000,-0.999984
-5.859905,-1.000000,-0.999984
-5.849905,-1.000000,-0.999983
-5.839905,-1.000000,-0.999983
-5.829905,-1.000000,-0.999983
-5.819904,-1.000000,-0.999982
-5.809904,-1.000000,-0.999982
-5.799904,-1.000000,-0.999982
-5.789904,-1.000000,-0.999981
-5.779903,-1.000000,-0.999981
-5.769903,-1.000000,-0.999981
-5.759903,-1.000000,-0.999980
-5.749903,-1.000000,-0.999980
-5.739902,-1.000000,-0.999979
-5.729902,-1.000000,-0.999979
-5.719902,-1.000000,-0.999978
-5.709902,-1.000000,-0.999978
-5.699902,-1.000000,-0.999978
-5.689901,-1.000000,-0.999977
-5.679901,-1.000000,-0.999977
-5.669901,-1.000000,-0.999976
-5.659901,-1.000000,-0.999976
-5.649900,-1.000000,-0.999975
-5.639900,-1.000000,-0.999975
-5.629900,-1.000000,-0.999974
-5.619900,-1.000000,-0.999974
-5.609900,-1.000000,-0.999973
-5.599899,-1.000000,-0.999973
-5.589899,-1.000000,-0.999972
-5.579899,-1.000000,-0.999972
-5.569899,-1.000000,-0.999971
-5.559898,-1.000000,-0.999970
-5.549898,-1.000000,-0.999970
-5.539898,-1.000000,-0.999969
-5.529898,-1.000000,-0.999969
-5.519897,-1.000000,-0.999968
-5.509897,-1.000000,-0.999967
-5.499897,-1.000000,-0.999967
-5.489897,-1.000000,-0.999966
-5.479897,-1.000000,-0.999965
-5.469896,-1.000000,-0.999965
-5.459896,-1.000000,-0.999964
-5.449896,-1.000000,-0.999963
-5.439896,-1.000000,-0.999962
-5.429895,-1.000000,-0.999962
-5.419895,-1.000000,-0.999961
-5.409895,-1.000000,-0.999960
-5.399895,-1.000000,-0.999959
-5.389894,-1.000000,-0.999958
-5.379894,-1.000000,-0.999958
-5.369894,-1.000000,-0.999957
-5.359894,-1.000000,-0.999956
-5.349894,-1.000000,-0.999955
-5.339893,-1.000000,-0.999954
-5.329893,-1.000000,-0.999953
-5.319893,-1.000000,-0.999952
-5.309893,-1.000000,-0.999951
-5.299892,-1.000000,-0.999950
-5.289892,-1.000000,-0.999949
-5.279892,-1.000000,-0.999948
-5.269892,-1.000000,-0.999947
-5.259892,-1.000000,-0.999946
-5.249891,-1.000000,-0.999945
-5.239891,-1.000000,-0.999944
-5.229891,-1.000000,-0.999943
-5.219891,-1.000000,-0.999942
-5.209890,-1.000000,-0.999940
-5.199890,-1.000000,-0.999939
-5.189890,-1.000000,-0.999938
-5.179890,-1.000000,-0.999937
-5.169889,-1.000000,-0.999935
-5.159889,-1.000000,-0.999934
-5.149889,-1.000000,-0.999933
-5.139889,-1.000000,-0.999931
-5.129889,-1.000000,-0.999930
-5.119888,-1.000000,-0.999929
-5.109888,-1.000000,-0.999927
-5.099888,-1.000000,-0.999926
-5.089888,-1.000000,-0.999924
-5.079887,-1.000000,-0.999923
-5.069887,-1.000000,-0.999921
-5.059887,-1.000000,-0.999919
-5.049887,-1.000000,-0.999918
-5.039886,-1.000000,-0.999916
-5.029886,-1.000000,-0.999914
-5.019886,-1.000000,-0.999913
-5.009886,-1.000000,-0.999911
-4.999886,-1.000000,-0.999909
-4.989885,-1.000000,-0.999907
-4.979885,-1.000000,-0.999905
-4.969885,-1.000000,-0.999904
-4.959885,-1.000000,-0.999902
-4.949884,-1.000000,-0.999900
-4.939884,-1.000000,-0.999898
-4.929884,-1.000000,-0.999896
-4.919884,-1.000000,-0.999893
-4.909883,-1.000000,-0.999891
-4.899883,-1.000000,-0.999889
-4.889883,-1.000000,-0.999887
-4.879883,-1.000000,-0.999885
-4.869883,-1.000000,-0.999882
-4.859882,-1.000000,-0.999880
-4.849882,-1.000000,-0.999877
-4.839882,-1.000000,-0.999875
-4.829882,-1.000000,-0.999872
-4.819881,-1.000000,-0.999870
-4.809881,-1.000000,-0.999867
-4.799881,-1.000000,-0.999865
-4.789881,-1.000000,-0.999862
-4.779881,-1.000000,-0.999859
-4.769880,-1.000000,-0.999856
-4.759880,-1.000000,-0.999853
-4.749880,-1.000000,-0.999850
-4.739880,-1.000000,-0.999847
-4.729879,-1.000000,-0.999844
-4.719879,-1.000000,-0.999841
-4.709879,-1.000000,-0.999838
-4.699879,-1.000000,-0.999835
-4.689878,-1.000000,-0.999831
-4.679878,-1.000000,-0.999828
-4.669878,-1.000000,-0.999824
-4.659878,-1.000000,-0.999821
-4.649878,-1.000000,-0.999817
-4.639877,-1.000000,-0.999813
-4.629877,-1.000000,-0.999810
-4.619877,-1.000000,-0.999806
-4.609877,-1.000000,-0.999802
-4.599876,-1.000000,-0.999798
-4.589876,-1.000000,-0.999794
-4.579876,-1.000000,-0.999790
-4.569876,-1.000000,-0.999785
-4.559875,-1.000000,-0.999781
-4.549875,-1.000000,-0.999777
-4.539875,-1.000000,-0.999772
-4.529875,-1.000000,-0.999768
-4.519875,-1.000000,-0.999763
-4.509874,-1.000000,-0.999758
-4.499874,-1.000000,-0.999753
-4.489874,-1.000000,-0.999748
-4.479874,-1.000000,-0.999743
-4.469873,-1.000000,-0.999738
-4.459873,-1.000000,-0.999733
-4.449873,-1.000000,-0.999727
-4.439873,-1.000000,-0.999722
-4.429873,-1.000000,-0.999716
-4.419872,-1.000000,-0.999710
-4.409872,-1.000000,-0.999704
-4.399872,-1.000000,-0.999699
-4.389872,-1.000000,-0.999692
-4.379871,-1.000000,-0.999686
-4.369871,-1.000000,-0.999680
-4.359871,-1.000000,-0.999673
-4.349871,-1.000000,-0.999667
-4.339870,-1.000000,-0.999660
-4.329870,-1.000000,-0.999653
-4.319870,-1.000000,-0.999646
-4.309870,-1.000000,-0.999639
-4.299870,-1.000000,-0.999632
-4.289869,-1.000000,-0.999624
-4.279869,-1.000000,-0.999617
-4.269869,-1.000000,-0.999609
-4.259869,-1.000000,-0.999601
-4.249868,-1.000000,-0.999593
-4.239868,-1.000000,-0.999585
-4.229868,-1.000000,-0.999576
-4.219868,-1.000000,-0.999568
-4.209867,-1.000000,-0.999559
-4.199867,-1.000000,-0.999550
-4.189867,-1.000000,-0.999541
-4.179867,-1.000000,-0.999532
-4.169867,-1.000000,-0.999522
-4.159866,-1.000000,-0.999513
-4.149866,-1.000000,-0.999503
-4.139866,-1.000000,-0.999493
-4.129866,-1.000000,-0.999483
-4.119865,-1.000000,-0.999472
-4.109865,-1.000000,-0.999462
-4.099865,-1.000000,-0.999451
-4.089865,-1.000000,-0.999440
-4.079865,-1.000000,-0.999428
-4.069864,-1.000000,-0.999417
-4.059864,-1.000000,-0.999405
-4.049864,-1.000000,-0.999393
-4.039864,-1.000000,-0.999381
-4.029863,-1.000000,-0.999368
-4.019863,-1.000000,-0.999355
-4.009863,-1.000000,-0.999342
-3.999863,-1.000000,-0.999329
-3.989863,-1.000000,-0.999316
-3.979863,-1.000000,-0.999302
-3.969863,-1.000000,-0.999288
-3.959863,-1.000000,-0.999273
-3.949863,-1.000000,-0.999259
-3.939863,-1.000000,-0.999244
-3.929863,-1.000000,-0.999228
-3.919863,-1.000000,-0.999213
-3.909863,-1.000000,-0.999197
-3.899863,-1.000000,-0.999181
-3.889863,-1.000000,-0.999164
-3.879863,-1.000000,-0.999147
-3.869863,-1.000000,-0.999130
-3.859863,-1.000000,-0.999112
-3.849863,-1.000000,-0.999094
-3.839863,-1.000000,-0.999076
-3.829863,-1.000000,-0.999058
-3.819863,-1.000000,-0.999039
-3.809863,-1.000000,-0.999019
-3.799863,-1.000000,-0.998999
-3.789863,-1.000000,-0.998979
-3.779863,-1.000000,-0.998959
-3.769863,-1.000000,-0.998937
-3.759863,-1.000000,-0.998916
-3.749863,-1.000000,-0.998894
-3.739863,-1.000000,-0.998872
-3.729863,-1.000000,-0.998849
-3.719863,-1.000000,-0.998826
-3.709863,-1.000000,-0.998802
-3.699863,-1.000000,-0.998778
-3.689863,-1.000000,-0.998753
-3.679863,-1.000000,-0.998728
-3.669863,-1.000000,-0.998702
-3.659863,-1.000000,-0.998676
-3.649863,-1.000000,-0.998649
-3.639863,-1.000000,-0.998622
-3.629863,-1.000000,-0.998594
-3.619863,-1.000000,-0.998566
-3.609863,-1.000000,-0.998537
-3.599863,-1.000000,-0.998508
-3.589863,-1.000000,-0.998477
-3.579863,-1.000000,-0.998447
-3.569863,-1.000000,-0.998415
-3.559863,-1.000000,-0.998383
-3.549863,-1.000000,-0.998351
-3.539863,-1.000000,-0.998317
-3.529863,-1.000000,-0.998283
-3.519863,-1.000000,-0.998249
-3.509863,-1.000000,-0.998213
-3.499863,-1.000000,-0.998177
-3.489863,-1.000000,-0.998141
-3.479863,-1.000000,-0.998103
-3.469863,-1.000000,-0.998065
-3.459863,-1.000000,-0.998026
-3.449863,-1.000000,-0.997986
-3.439863,-1.000000,-0.997945
-3.429863,-1.000000,-0.997904
-3.419863,-1.000000,-0.997862
-3.409863,-1.000000,-0.997818
-3.399863,-1.000000,-0.997774
-3.389863,-1.000000,-0.997729
-3.379864,-1.000000,-0.997684
-3.369864,-1.000000,-0.997637
-3.359864,-1.000000,-0.997589
-3.349864,-1.000000,-0.997541
-3.339864,-1.000000,-0.997491
-3.329864,-1.000000,-0.997440
-3.319864,-1.000000,-0.997389
-3.309864,-1.000000,-0.997336
-3.299864,-1.000000,-0.997282
-3.289864,-1.000000,-0.997227
-3.279864,-1.000000,-0.997171
-3.269864,-1.000000,-0.997114
-3.259864,-1.000000,-0.997056
-3.249864,-1.000000,-0.996997
-3.239864,-1.000000,-0.996936
-3.229864,-1.000000,-0.996874
-3.219864,-1.000000,-0.996811
-3.209864,-1.000000,-0.996747
-3.199864,-1.000000,-0.996682
-3.189864,-1.000000,-0.996615
-3.179864,-1.000000,-0.996546
-3.169864,-1.000000,-0.996477
-3.159864,-1.000000,-0.996406
-3.149864,-1.000000,-0.996333
-3.139864,-1.000000,-0.996259
-3.129864,-1.000000,-0.996184
-3.119864,-1.000000,-0.996107
-3.109864,-1.000000,-0.996028
-3.099864,-1.000000,-0.995948
-3.089864,-1.000000,-0.995867
-3.079864,-1.000000,-0.995783
-3.069864,-1.000000,-0.995698
-3.059864,-1.000000,-0.995612
-3.049864,-1.000000,-0.995523
-3.039864,-1.000000,-0.995433
-3.029864,-1.000000,-0.995341
-3.019864,-1.000000,-0.995247
-3.009864,-1.000000,-0.995151
-2.999864,-1.000000,-0.995053
-2.989864,-1.000000,-0.994954
-2.979864,-1.000000,-0.994852
-2.969864,-1.000000,-0.994748
-2.959864,-1.000000,-0.994643
-2.949864,-1.000000,-0.994535
-2.939864,-1.000000,-0.994425
-2.929864,-1.000000,-0.994312
-2.919864,-1.000000,-0.994198
-2.909864,-1.000000,-0.994081
-2.899864,-1.000000,-0.993962
-2.889864,-1.000000,-0.993840
-2.879864,-1.000000,-0.993716
-2.869864,-1.000000,-0.993589
-2.859864,-1.000000,-0.993460
-2.849864,-1.000000,-0.993329
-2.839864,-1.000000,-0.993194
-2.829864,-1.000000,-0.993057
-2.819864,-1.000000,-0.992917
-2.809864,-1.000000,-0.992775
-2.799864,-1.000000,-0.992630
-2.789864,-1.000000,-0.992481
-2.779864,-1.000000,-0.992330
-2.769864,-1.000000,-0.992176
-2.759864,-1.000000,-0.992018
-2.749864,-1.000000,-0.991858
-2.739864,-1.000000,-0.991694
-2.729864,-1.000000,-0.991527
-2.719864,-1.000000,-0.991356
-2.709864,-1.000000,-0.991182
-2.699864,-1.000000,-0.991005
-2.689864,-1.000000,-0.990824
-2.679864,-1.000000,-0.990640
-2.669864,-1.000000,-0.990451
-2.659864,-1.000000,-0.990260
-2.649864,-1.000000,-0.990064
-2.639864,-1.000000,-0.989864
-2.629864,-1.000000,-0.989660
-2.619864,-1.000000,-0.989453
-2.609864,-1.000000,-0.989241
-2.599864,-1.000000,-0.989024
-2.589864,-1.000000,-0.988804
-2.579864,-1.000000,-0.988579
-2.569864,-1.000000,-0.988350
-2.559864,-1.000000,-0.988116
-2.549864,-1.000000,-0.987877
-2.539864,-1.000000,-0.987634
-2.529864,-1.000000,-0.987386
-2.519864,-1.000000,-0.987132
-2.509864,-1.000000,-0.986874
-2.499864,-1.000000,-0.986611
-2.489864,-7.077148,-0.986342
-2.479864,-7.492188,-0.986068
-2.469864,-7.916016,-0.985789
-2.459864,-8.394531,-0.985504
-2.449864,-8.939453,-0.985213
-2.439864,-9.634766,-0.984916
-2.429864,-10.374023,-0.984614
-2.419864,-11.244141,-0.984306
-2.409864,-12.284180,-0.983991
-2.399864,-13.686523,-0.983670
-2.389864,-15.290039,-0.983343
-2.379864,-17.342773,-0.983010
-2.369864,-20.046875,-0.982669
-2.359864,-23.792969,-0.982322
-2.349864,-30.015625,-0.981969
-2.339864,24.514648,-0.981608
-2.329865,6.100586,-0.981240
-2.319865,-24.995117,-0.980864
-2.309865,16.551758,-0.980481
-2.299865,-24.613281,-0.980091
-2.289865,-3.399414,-0.979693
-2.279865,-23.890625,-0.979287
-2.269865,29.186523,-0.978873
-2.259865,23.342773,-0.978451
-2.249865,19.432617,-0.978020
-2.239865,16.613281,-0.977581
-2.229865,14.314453,-0.977133
-2.219865,12.700195,-0.976677
-2.209865,11.405273,-0.976211
-2.199865,10.340820,-0.975737
-2.189865,9.369141,-0.975253
-2.179865,8.626953,-0.974759
-2.169865,7.988281,-0.974256
-2.159865,7.431641,-0.973742
-2.149865,6.899414,-0.973219
-2.139865,6.474609,-0.972685
-2.129865,6.095703,-0.972141
-2.119865,5.754883,-0.971587
-2.109865,5.448242,-0.971021
-2.099865,5.143555,-0.970444
-2.089865,4.893555,-0.969856
-2.079865,4.665039,-0.969256
-2.069865,4.453125,-0.968645
-2.059865,4.241211,-0.968022
-2.049865,4.063477,-0.967386
-2.039865,3.898438,-0.966738
-2.029865,3.745117,-0.966078
-2.019865,3.588867,-0.965405
-2.009865,3.456055,-0.964718
-1.999865,3.332031,-0.964018
-1.989865,3.213867,-0.963304
-1.979865,3.094727,-0.962577
-1.969865,2.990234,-0.961836
-1.959865,2.893555,-0.961080
-1.949865,2.802734,-0.960309
-1.939865,2.708008,-0.959523
-1.929865,2.625000,-0.958722
-1.919865,2.547852,-0.957906
-1.909865,2.472656,-0.957074
-1.899865,2.396484,-0.956226
-1.889865,2.330078,-0.955361
-1.879865,2.264648,-0.954480
-1.869865,2.206055,-0.953582
-1.859865,2.146484,-0.952666
-1.849865,2.085938,-0.951733
-1.839865,2.031250,-0.950782
-1.829865,1.981445,-0.949813
-1.819865,1.931641,-0.948825
-1.809865,1.881836,-0.947818
-1.799865,1.835938,-0.946792
-1.789865,1.792969,-0.945746
-1.779865,1.750000,-0.944681
-1.769865,1.707031,-0.943595
-1.759865,1.667969,-0.942488
-1.749865,1.631836,-0.941360
-1.739865,1.595703,-0.940211
-1.729865,1.556641,-0.939040
-1.719865,1.522461,-0.937847
-1.709865,1.490234,-0.936631
-1.699865,1.458984,-0.935392
-1.689865,1.426758,-0.934130
-1.679865,1.397461,-0.932844
-1.669865,1.368164,-0.931534
-1.659865,1.339844,-0.930199
-1.649865,1.312500,-0.928839
-1.639865,1.285156,-0.927454
-1.629865,1.259766,-0.926042
-1.619865,1.236328,-0.924605
-1.609865,1.211914,-0.923140
-1.599865,1.186523,-0.921648
-1.589865,1.165039,-0.920129
-1.579865,1.142578,-0.918581
-1.569865,1.122070,-0.917004
-1.559865,1.099609,-0.915399
-1.549865,1.080078,-0.913763
-1.539865,1.059570,-0.912098
-1.529865,1.041016,-0.910402
-1.519865,1.020508,-0.908674
-1.509865,1.001953,-0.906915
-1.499865,0.985352,-0.905124
-1.489865,0.967773,-0.903300
-1.479865,0.950195,-0.901443
-1.469865,0.933594,-0.899552
-1.459865,0.917969,-0.897626
-1.449865,0.901367,-0.895666
-1.439865,0.884766,-0.893671
-1.429865,0.871094,-0.891639
-1.419865,0.855469,-0.889571
-1.409865,0.840820,-0.887466
-1.399865,0.826172,-0.885323
-1.389865,0.812500,-0.883141
-1.379865,0.798828,-0.880921
-1.369865,0.786133,-0.878662
-1.359865,0.774414,-0.876362
-1.349865,0.759766,-0.874022
-1.339865,0.748047,-0.871640
-1.329865,-0.739258,-0.869216
-1.319865,-0.739258,-0.866750
-1.309865,-0.738281,-0.864241
-1.299865,-0.736328,-0.861688
-1.289865,-0.735352,-0.859091
-1.279866,-0.734375,-0.856449
-1.269866,-0.733398,-0.853761
-1.259866,-0.731445,-0.851027
-1.249866,-0.730469,-0.848246
-1.239866,-0.728516,-0.845417
-1.229866,-0.726562,-0.842540
-1.219866,-0.725586,-0.839615
-1.209866,-0.723633,-0.836639
-1.199866,-0.722656,-0.833614
-1.189866,-0.720703,-0.830537
-1.179866,-0.719727,-0.827409
-1.169866,-0.717773,-0.824229
-1.159866,-0.715820,-0.820996
-1.149866,-0.712891,-0.817710
-1.139866,-0.711914,-0.814369
-1.129866,-0.709961,-0.810973
-1.119866,-0.708008,-0.807522
-1.109866,-0.706055,-0.804015
-1.099866,-0.704102,-0.800451
-1.089866,-0.702148,-0.796829
-1.079866,-0.700195,-0.793149
-1.069866,-0.697266,-0.789411
-1.059866,-0.694336,-0.785612
-1.049866,-0.692383,-0.781754
-1.039866,-0.690430,-0.777835
-1.029866,-0.687500,-0.773854
-1.019866,-0.685547,-0.769812
-1.009866,-0.682617,-0.765706
-0.999866,-0.679688,-0.761538
-0.989866,-0.677734,-0.757305
-0.979866,-0.673828,-0.753008
-0.969866,-0.671875,-0.748645
-0.959866,-0.668945,-0.744217
-0.949866,-0.666016,-0.739722
-0.939866,-0.663086,-0.735161
-0.929866,-0.659180,-0.730531
-0.919866,-0.656250,-0.725834
-0.909866,-0.653320,-0.721068
-0.899866,-0.649414,-0.716233
-0.889866,-0.646484,-0.711327
-0.879866,-0.642578,-0.706352
-0.869866,-0.639648,-0.701306
-0.859866,-0.635742,-0.696189
-0.849866,-0.631836,-0.690999
-0.839866,-0.627930,-0.685738
-0.829866,-0.624023,-0.680404
-0.819866,-0.620117,-0.674997
-0.809866,-0.615234,-0.669516
-0.799866,-0.612305,-0.663962
-0.789866,-0.607422,-0.658333
-0.779866,-0.603516,-0.652630
-0.769866,-0.598633,-0.646852
-0.759866,-0.593750,-0.640998
-0.749866,-0.589844,-0.635069
-0.739866,-0.584961,-0.629064
-0.729866,-0.580078,-0.622983
-0.719866,-0.575195,-0.616826
-0.709866,-0.570312,-0.610593
-0.699866,-0.566406,-0.604283
-0.689866,-0.559570,-0.597896
-0.679866,-0.555664,-0.591432
-0.669866,-0.549805,-0.584892
-0.659866,-0.544922,-0.578274
-0.649866,-0.539062,-0.571580
-0.639866,-0.533203,-0.564808
-0.629866,-0.527344,-0.557960
-0.619866,-0.522461,-0.551035
-0.609866,-0.516602,-0.544033
-0.599866,-0.509766,-0.536954
-0.589866,-0.504883,-0.529799
-0.579866,-0.498047,-0.522568
-0.569866,-0.492188,-0.515261
-0.559866,-0.485352,-0.507878
-0.549866,-0.478516,-0.500420
-0.539866,-0.472656,-0.492887
-0.529866,-0.465820,-0.485279
-0.519866,-0.458984,-0.477597
-0.509866,-0.452148,-0.469841
-0.499866,-0.445312,-0.462012
-0.489866,-0.438477,-0.454110
-0.479866,-0.430664,-0.446136
-0.469866,-0.423828,-0.438091
-0.459866,-0.416992,-0.429975
-0.449866,-0.409180,-0.421789
-0.439866,-0.401367,-0.413534
-0.429866,-0.394531,-0.405210
-0.419866,-0.386719,-0.396818
-0.409866,-0.378906,-0.388359
-0.399866,-0.371094,-0.379835
-0.389866,-0.362305,-0.371245
-0.379866,-0.354492,-0.362591
-0.369866,-0.346680,-0.353875
-0.359866,-0.338867,-0.345096
-0.349866,-0.330078,-0.336257
-0.339866,-0.321289,-0.327358
-0.329866,-0.313477,-0.318401
-0.319866,-0.304688,-0.309386
-0.309866,-0.295898,-0.300316
-0.299866,-0.287109,-0.291190
-0.289866,-0.278320,-0.282012
-0.279866,-0.270508,-0.272781
-0.269866,-0.260742,-0.263501
-0.259866,-0.251953,-0.254171
-0.249866,-0.243164,-0.244793
-0.239866,-0.234375,-0.235370
-0.229866,-0.223633,-0.225902
-0.219866,-0.214844,-0.216391
-0.209866,-0.206055,-0.206839
-0.199866,-0.196289,-0.197247
-0.189866,-0.186523,-0.187617
-0.179866,-0.176758,-0.177952
-0.169866,-0.167969,-0.168251
-0.159866,-0.158203,-0.158518
-0.149866,-0.148438,-0.148754
-0.139866,-0.138672,-0.138961
-0.129866,-0.128906,-0.129141
-0.119866,-0.120117,-0.119296
-0.109866,-0.110352,-0.109426
-0.099866,-0.099609,-0.099536
-0.089866,-0.089844,-0.089625
-0.079866,-0.080078,-0.079697
-0.069866,-0.070312,-0.069753
-0.059866,-0.059570,-0.059795
-0.049866,-0.049805,-0.049825
-0.039866,-0.040039,-0.039845
-0.029866,-0.030273,-0.029858
-0.019866,-0.019531,-0.019864
-0.009866,-0.009766,-0.009866
0.000134,0.000000,0.000134
0.010134,0.009766,0.010133
0.020134,0.019531,0.020131
0.030134,0.029297,0.030124
0.040134,0.039062,0.040112
0.050134,0.048828,0.050092
0.060134,0.059570,0.060061
0.070134,0.069336,0.070019
0.080134,0.079102,0.079962
0.090134,0.088867,0.089890
0.100134,0.099609,0.099800
0.110134,0.109375,0.109690
0.120134,0.119141,0.119559
0.130134,0.127930,0.129404
0.140134,0.137695,0.139223
0.150134,0.148438,0.149016
0.160134,0.157227,0.158779
0.170134,0.166992,0.168511
0.180134,0.175781,0.178210
0.190134,0.186523,0.187875
0.200134,0.195312,0.197504
0.210134,0.205078,0.207094
0.220134,0.213867,0.216645
0.230134,0.223633,0.226155
0.240134,0.233398,0.235622
0.250134,0.242188,0.245044
0.260134,0.250977,0.254420
0.270134,0.259766,0.263749
0.280134,0.269531,0.273029
0.290134,0.277344,0.282258
0.300134,0.286133,0.291435
0.310134,0.295898,0.300559
0.320134,0.303711,0.309628
0.330134,0.312500,0.318641
0.340134,0.320312,0.327597
0.350134,0.330078,0.336494
0.360133,0.337891,0.345332
0.370133,0.345703,0.354108
0.380133,0.353516,0.362823
0.390133,0.361328,0.371475
0.400133,0.370117,0.380063
0.410133,0.377930,0.388586
0.420133,0.385742,0.397043
0.430133,0.393555,0.405433
0.440133,0.401367,0.413755
0.450133,0.408203,0.422009
0.460133,0.416016,0.430193
0.470133,0.422852,0.438307
0.480133,0.430664,0.446350
0.490133,0.437500,0.454322
0.500133,0.444336,0.462222
0.510133,0.451172,0.470049
0.520133,0.458984,0.477803
0.530133,0.464844,0.485483
0.540133,0.471680,0.493089
0.550133,0.477539,0.500620
0.560133,0.485352,0.508076
0.570133,0.491211,0.515457
0.580133,0.497070,0.522762
0.590133,0.503906,0.529991
0.600133,0.509766,0.537144
0.610133,0.515625,0.544221
0.620133,0.521484,0.551221
0.630133,0.526367,0.558144
0.640133,0.532227,0.564990
0.650133,0.539062,0.571760
0.660133,0.543945,0.578452
0.670133,0.548828,0.585068
0.680133,0.554688,0.591606
0.690133,0.559570,0.598068
0.700133,0.565430,0.604452
0.710133,0.569336,0.610760
0.720133,0.574219,0.616992
0.730133,0.579102,0.623147
0.740133,0.583984,0.629226
0.750133,0.588867,0.635228
0.760133,0.592773,0.641155
0.770133,0.598633,0.647007
0.780133,0.602539,0.652783
0.790133,0.606445,0.658484
0.800133,0.611328,0.664111
0.810133,0.615234,0.669664
0.820133,0.619141,0.675142
0.830133,0.623047,0.680547
0.840133,0.626953,0.685880
0.850133,0.630859,0.691139
0.860133,0.634766,0.696326
0.870133,0.638672,0.701442
0.880133,0.641602,0.706486
0.890133,0.645508,0.711459
0.900133,0.648438,0.716363
0.910133,0.652344,0.721196
0.920133,0.655273,0.725960
0.930133,0.658203,0.730656
0.940133,0.662109,0.735283
0.950133,0.665039,0.739843
0.960133,0.667969,0.744336
0.970133,0.670898,0.748763
0.980133,0.673828,0.753123
0.990133,0.676758,0.757419
1.000133,0.679688,0.761650
1.010133,0.681641,0.765817
1.020133,0.684570,0.769921
1.030133,0.686523,0.773962
1.040133,0.689453,0.777941
1.050133,0.691406,0.781858
1.060133,0.694336,0.785715
1.070133,0.696289,0.789511
1.080133,0.699219,0.793248
1.090133,0.701172,0.796927
1.100133,0.703125,0.800547
1.110133,0.705078,0.804109
1.120133,0.707031,0.807615
1.130133,0.708984,0.811065
1.140133,0.710938,0.814459
1.150133,0.712891,0.817798
1.160133,0.714844,0.821083
1.170133,0.716797,0.824315
1.180133,0.718750,0.827493
1.190133,0.720703,0.830620
1.200133,0.721680,0.833695
1.210133,0.722656,0.836719
1.220133,0.724609,0.839693
1.230133,0.726562,0.842618
1.240133,0.727539,0.845493
1.250133,0.729492,0.848321
1.260133,0.730469,0.851101
1.270133,0.731445,0.853834
1.280133,0.733398,0.856520
1.290133,0.734375,0.859161
1.300133,0.735352,0.861757
1.310133,0.736328,0.864309
1.320133,0.738281,0.866817
1.330133,0.738281,0.869282
1.340133,-0.749023,0.871704
1.350133,-0.761719,0.874085
1.360133,-0.775391,0.876424
1.370133,-0.787109,0.878722
1.380133,-0.799805,0.880981
1.390133,-0.813477,0.883200
1.400133,-0.828125,0.885380
1.410133,-0.841797,0.887522
1.420133,-0.856445,0.889627
1.430133,-0.872070,0.891694
1.440132,-0.887695,0.893724
1.450132,-0.902344,0.895719
1.460132,-0.918945,0.897678
1.470132,-0.934570,0.899603
1.480132,-0.952148,0.901493
1.490132,-0.968750,0.903349
1.500132,-0.986328,0.905172
1.510132,-1.002930,0.906963
1.520132,-1.023438,0.908721
1.530132,-1.041992,0.910447
1.540132,-1.060547,0.912143
1.550132,-1.081055,0.913807
1.560132,-1.102539,0.915442
1.570132,-1.123047,0.917047
1.580132,-1.143555,0.918623
1.590132,-1.166016,0.920170
1.600132,-1.190430,0.921688
1.610132,-1.212891,0.923180
1.620132,-1.237305,0.924643
1.630132,-1.260742,0.926080
1.640132,-1.286133,0.927491
1.650132,-1.315430,0.928876
1.660132,-1.340820,0.930235
1.670132,-1.369141,0.931569
1.680132,-1.398438,0.932879
1.690132,-1.429688,0.934164
1.700132,-1.459961,0.935426
1.710132,-1.491211,0.936664
1.720132,-1.523438,0.937879
1.730132,-1.560547,0.939072
1.740132,-1.596680,0.940242
1.750132,-1.632812,0.941391
1.760132,-1.668945,0.942518
1.770132,-1.711914,0.943624
1.780132,-1.750977,0.944709
1.790132,-1.793945,0.945774
1.800132,-1.836914,0.946820
1.810132,-1.886719,0.947845
1.820132,-1.932617,0.948852
1.830132,-1.982422,0.949839
1.840132,-2.032227,0.950808
1.850132,-2.091797,0.951758
1.860132,-2.147461,0.952691
1.870132,-2.207031,0.953606
1.880132,-2.265625,0.954504
1.890132,-2.331055,0.955385
1.900132,-2.404297,0.956249
1.910132,-2.473633,0.957097
1.920132,-2.548828,0.957928
1.930132,-2.625977,0.958744
1.940132,-2.715820,0.959544
1.950132,-2.803711,0.960330
1.960132,-2.894531,0.961100
1.970132,-2.991211,0.961855
1.980132,-3.106445,0.962597
1.990132,-3.214844,0.963324
2.000132,-3.332031,0.964037
2.010132,-3.457031,0.964736
2.020132,-3.603516,0.965423
2.030132,-3.746094,0.966096
2.040132,-3.899414,0.966756
2.050132,-4.064453,0.967403
2.060132,-4.260742,0.968039
2.070132,-4.454102,0.968662
2.080132,-4.666016,0.969273
2.090132,-4.894531,0.969872
2.100132,-5.171875,0.970460
2.110132,-5.449219,0.971036
2.120132,-5.755859,0.971601
2.130132,-6.096680,0.972156
2.140132,-6.475586,0.972700
2.150132,-6.947266,0.973233
2.160132,-7.432617,0.973756
2.170132,-7.989258,0.974269
2.180132,-8.627930,0.974772
2.190132,-9.451172,0.975266
2.200132,-10.341797,0.975749
2.210132,-11.406250,0.976224
2.220132,-12.701172,0.976689
2.230132,-14.498047,0.977146
2.240132,-16.614258,0.977593
2.250132,-19.432617,0.978032
2.260132,-23.343750,0.978462
2.270132,-29.933594,0.978884
2.280132,23.889648,0.979298
2.290132,3.398438,0.979704
2.300132,24.612305,0.980102
2.310132,-25.016602,0.980492
2.320132,24.994141,0.980874
2.330132,-6.101562,0.981250
2.340132,-24.515625,0.981617
2.350132,29.317383,0.981978
2.360132,23.791992,0.982332
2.370132,20.045898,0.982679
2.380132,17.341797,0.983019
2.390132,15.289062,0.983352
2.400132,13.545898,0.983679
2.410132,12.283203,0.984000
2.420132,11.243164,0.984314
2.430132,10.373047,0.984622
2.440132,9.565430,0.984924
2.450132,8.938477,0.985221
2.460132,8.393555,0.985511
2.470132,7.915039,0.985796
2.480132,7.450195,0.986075
2.490132,7.076172,0.986349
2.500132,1.000000,0.986618
2.510132,1.000000,0.986881
2.520132,1.000000,0.987139
2.530132,1.000000,0.987392
2.540132,1.000000,0.987640
2.550132,1.000000,0.987884
2.560132,1.000000,0.988122
2.570132,1.000000,0.988356
2.580132,1.000000,0.988585
2.590132,1.000000,0.988810
2.600132,1.000000,0.989030
2.610132,1.000000,0.989246
2.620131,1.000000,0.989458
2.630131,1.000000,0.989666
2.640131,1.000000,0.989869
2.650131,1.000000,0.990069
2.660131,1.000000,0.990265
2.670131,1.000000,0.990457
2.680131,1.000000,0.990645
2.690131,1.000000,0.990829
2.700131,1.000000,0.991010
2.710131,1.000000,0.991187
2.720131,1.000000,0.991361
2.730131,1.000000,0.991531
2.740131,1.000000,0.991698
2.750131,1.000000,0.991862
2.760131,1.000000,0.992022
2.770131,1.000000,0.992180
2.780131,1.000000,0.992334
2.790131,1.000000,0.992485
2.800131,1.000000,0.992633
2.810131,1.000000,0.992779
2.820131,1.000000,0.992921
2.830131,1.000000,0.993061
2.840131,1.000000,0.993198
2.850131,1.000000,0.993332
2.860131,1.000000,0.993464
2.870131,1.000000,0.993593
2.880131,1.000000,0.993719
2.890131,1.000000,0.993843
2.900131,1.000000,0.993965
2.910131,1.000000,0.994084
2.920131,1.000000,0.994201
2.930131,1.000000,0.994315
2.940131,1.000000,0.994427
2.950131,1.000000,0.994538
2.960131,1.000000,0.994645
2.970131,1.000000,0.994751
2.980131,1.000000,0.994855
2.990131,1.000000,0.994956
3.000131,1.000000,0.995056
3.010131,1.000000,0.995154
3.020131,1.000000,0.995249
3.030131,1.000000,0.995343
3.040131,1.000000,0.995435
3.050131,1.000000,0.995525
3.060131,1.000000,0.995614
3.070131,1.000000,0.995701
3.080131,1.000000,0.995785
3.090131,1.000000,0.995869
3.100131,1.000000,0.995950
3.110131,1.000000,0.996030
3.120131,1.000000,0.996109
3.130131,1.000000,0.996186
3.140131,1.000000,0.996261
3.150131,1.000000,0.996335
3.160131,1.000000,0.996408
3.170131,1.000000,0.996479
3.180131,1.000000,0.996548
3.190131,1.000000,0.996616
3.200131,1.000000,0.996683
3.210131,1.000000,0.996749
3.220131,1.000000,0.996813
3.230131,1.000000,0.996876
3.240131,1.000000,0.996938
3.250131,1.000000,0.996998
3.260131,1.000000,0.997058
3.270131,1.000000,0.997116
3.280131,1.000000,0.997173
3.290131,1.000000,0.997229
3.300131,1.000000,0.997284
3.310131,1.000000,0.997337
3.320131,1.000000,0.997390
3.330131,1.000000,0.997442
3.340131,1.000000,0.997492
3.350131,1.000000,0.997542
3.360131,1.000000,0.997590
3.370131,1.000000,0.997638
3.380131,1.000000,0.997685
3.390131,1.000000,0.997731
3.400131,1.000000,0.997775
3.410131,1.000000,0.997819
3.420131,1.000000,0.997863
3.430131,1.000000,0.997905
3.440131,1.000000,0.997946
3.450131,1.000000,0.997987
3.460131,1.000000,0.998027
3.470131,1.000000,0.998066
3.480131,1.000000,0.998104
3.490131,1.000000,0.998142
3.500131,1.000000,0.998178
3.510131,1.000000,0.998214
3.520131,1.000000,0.998250
3.530131,1.000000,0.998284
3.540131,1.000000,0.998318
3.550131,1.000000,0.998352
3.560131,1.000000,0.998384
3.570131,1.000000,0.998416
3.580131,1.000000,0.998447
3.590131,1.000000,0.998478
3.600131,1.000000,0.998508
3.610131,1.000000,0.998538
3.620131,1.000000,0.998567
3.630131,1.000000,0.998595
3.640131,1.000000,0.998623
3.650131,1.000000,0.998650
3.660131,1.000000,0.998677
3.670130,1.000000,0.998703
3.680130,1.000000,0.998729
3.690130,1.000000,0.998754
3.700130,1.000000,0.998779
3.710130,1.000000,0.998803
3.720130,1.000000,0.998826
3.730130,1.000000,0.998850
3.740130,1.000000,0.998872
3.750130,1.000000,0.998895
3.760130,1.000000,0.998917
3.770130,1.000000,0.998938
3.780130,1.000000,0.998959
3.790130,1.000000,0.998980
3.800130,1.000000,0.999000
3.810130,1.000000,0.999020
3.820130,1.000000,0.999039
3.830130,1.000000,0.999058
3.840130,1.000000,0.999077
3.850130,1.000000,0.999095
3.860130,1.000000,0.999113
3.870130,1.000000,0.999130
3.880130,1.000000,0.999148
3.890130,1.000000,0.999165
3.900130,1.000000,0.999181
3.910130,1.000000,0.999197
3.920130,1.000000,0.999213
3.930130,1.000000,0.999229
3.940130,1.000000,0.999244
3.950130,1.000000,0.999259
3.960130,1.000000,0.999274
3.970130,1.000000,0.999288
3.980130,1.000000,0.999302
3.990130,1.000000,0.999316
4.000130,1.000000,0.999329
4.010130,1.000000,0.999343
4.020131,1.000000,0.999356
4.030131,1.000000,0.999368
4.040131,1.000000,0.999381
4.050131,1.000000,0.999393
4.060132,1.000000,0.999405
4.070132,1.000000,0.999417
4.080132,1.000000,0.999429
4.090132,1.000000,0.999440
4.100132,1.000000,0.999451
4.110133,1.000000,0.999462
4.120133,1.000000,0.999472
4.130133,1.000000,0.999483
4.140133,1.000000,0.999493
4.150134,1.000000,0.999503
4.160134,1.000000,0.999513
4.170134,1.000000,0.999523
4.180134,1.000000,0.999532
4.190135,1.000000,0.999541
4.200135,1.000000,0.999550
4.210135,1.000000,0.999559
4.220135,1.000000,0.999568
4.230135,1.000000,0.999577
4.240136,1.000000,0.999585
4.250136,1.000000,0.999593
4.260136,1.000000,0.999601
4.270136,1.000000,0.999609
4.280137,1.000000,0.999617
4.290137,1.000000,0.999625
4.300137,1.000000,0.999632
4.310137,1.000000,0.999639
4.320138,1.000000,0.999646
4.330138,1.000000,0.999653
4.340138,1.000000,0.999660
4.350138,1.000000,0.999667
4.360138,1.000000,0.999674
4.370139,1.000000,0.999680
4.380139,1.000000,0.999686
4.390139,1.000000,0.999693
4.400139,1.000000,0.999699
4.410140,1.000000,0.999705
4.420140,1.000000,0.999711
4.430140,1.000000,0.999716
4.440140,1.000000,0.999722
4.450140,1.000000,0.999727
4.460141,1.000000,0.999733
4.470141,1.000000,0.999738
4.480141,1.000000,0.999743
4.490141,1.000000,0.999748
4.500142,1.000000,0.999753
4.510142,1.000000,0.999758
4.520142,1.000000,0.999763
4.530142,1.000000,0.999768
4.540143,1.000000,0.999772
4.550143,1.000000,0.999777
4.560143,1.000000,0.999781
4.570143,1.000000,0.999785
4.580143,1.000000,0.999790
4.590144,1.000000,0.999794
4.600144,1.000000,0.999798
4.610144,1.000000,0.999802
4.620144,1.000000,0.999806
4.630145,1.000000,0.999810
4.640145,1.000000,0.999814
4.650145,1.000000,0.999817
4.660145,1.000000,0.999821
4.670146,1.000000,0.999824
4.680146,1.000000,0.999828
4.690146,1.000000,0.999831
4.700146,1.000000,0.999835
4.710146,1.000000,0.999838
4.720147,1.000000,0.999841
4.730147,1.000000,0.999844
4.740147,1.000000,0.999847
4.750147,1.000000,0.999850
4.760148,1.000000,0.999853
4.770148,1.000000,0.999856
4.780148,1.000000,0.999859
4.790148,1.000000,0.999862
4.800148,1.000000,0.999865
4.810149,1.000000,0.999867
4.820149,1.000000,0.999870
4.830149,1.000000,0.999873
4.840149,1.000000,0.999875
4.850150,1.000000,0.999877
4.860150,1.000000,0.999880
4.870150,1.000000,0.999882
4.880150,1.000000,0.999885
4.890151,1.000000,0.999887
4.900151,1.000000,0.999889
4.910151,1.000000,0.999891
4.920151,1.000000,0.999893
4.930151,1.000000,0.999896
4.940152,1.000000,0.999898
4.950152,1.000000,0.999900
4.960152,1.000000,0.999902
4.970152,1.000000,0.999904
4.980153,1.000000,0.999906
4.990153,1.000000,0.999907
5.000153,1.000000,0.999909
5.010153,1.000000,0.999911
5.020154,1.000000,0.999913
5.030154,1.000000,0.999915
5.040154,1.000000,0.999916
5.050154,1.000000,0.999918
5.060154,1.000000,0.999919
5.070155,1.000000,0.999921
5.080155,1.000000,0.999923
5.090155,1.000000,0.999924
5.100155,1.000000,0.999926
5.110156,1.000000,0.999927
5.120156,1.000000,0.999929
5.130156,1.000000,0.999930
5.140156,1.000000,0.999931
5.150156,1.000000,0.999933
5.160157,1.000000,0.999934
5.170157,1.000000,0.999935
5.180157,1.000000,0.999937
5.190157,1.000000,0.999938
5.200158,1.000000,0.999939
5.210158,1.000000,0.999940
5.220158,1.000000,0.999942
5.230158,1.000000,0.999943
5.240159,1.000000,0.999944
5.250159,1.000000,0.999945
5.260159,1.000000,0.999946
5.270159,1.000000,0.999947
5.280159,1.000000,0.999948
5.290160,1.000000,0.999949
5.300160,1.000000,0.999950
5.310160,1.000000,0.999951
5.320160,1.000000,0.999952
5.330161,1.000000,0.999953
5.340161,1.000000,0.999954
5.350161,1.000000,0.999955
5.360161,1.000000,0.999956
5.370162,1.000000,0.999957
5.380162,1.000000,0.999958
5.390162,1.000000,0.999958
5.400162,1.000000,0.999959
5.410162,1.000000,0.999960
5.420163,1.000000,0.999961
5.430163,1.000000,0.999962
5.440163,1.000000,0.999962
5.450163,1.000000,0.999963
5.460164,1.000000,0.999964
5.470164,1.000000,0.999965
5.480164,1.000000,0.999965
5.490164,1.000000,0.999966
5.500165,1.000000,0.999967
5.510165,1.000000,0.999967
5.520165,1.000000,0.999968
5.530165,1.000000,0.999969
5.540165,1.000000,0.999969
5.550166,1.000000,0.999970
5.560166,1.000000,0.999970
5.570166,1.000000,0.999971
5.580166,1.000000,0.999972
5.590167,1.000000,0.999972
5.600167,1.000000,0.999973
5.610167,1.000000,0.999973
5.620167,1.000000,0.999974
5.630167,1.000000,0.999974
5.640168,1.000000,0.999975
5.650168,1.000000,0.999975
5.660168,1.000000,0.999976
5.670168,1.000000,0.999976
5.680169,1.000000,0.999977
5.690169,1.000000,0.999977
5.700169,1.000000,0.999978
5.710169,1.000000,0.999978
5.720170,1.000000,0.999978
5.730170,1.000000,0.999979
5.740170,1.000000,0.999979
5.750170,1.000000,0.999980
5.760170,1.000000,0.999980
5.770171,1.000000,0.999981
5.780171,1.000000,0.999981
5.790171,1.000000,0.999981
5.800171,1.000000,0.999982
5.810172,1.000000,0.999982
5.820172,1.000000,0.999982
5.830172,1.000000,0.999983
5.840172,1.000000,0.999983
5.850173,1.000000,0.999983
5.860173,1.000000,0.999984
5.870173,1.000000,0.999984
5.880173,1.000000,0.999984
5.890173,1.000000,0.999985
5.900174,1.000000,0.999985
5.910174,1.000000,0.999985
5.920174,1.000000,0.999986
5.930174,1.000000,0.999986
5.940175,1.000000,0.999986
5.950175,1.000000,0.999986
5.960175,1.000000,0.999987
5.970175,1.000000,0.999987
5.980175,1.000000,0.999987
5.990176,1.000000,0.999987
6.000176,1.000000,0.999988
6.010176,1.000000,0.999988
6.020176,1.000000,0.999988
6.030177,1.000000,0.999988
6.040177,1.000000,0.999989
6.050177,1.000000,0.999989
6.060177,1.000000,0.999989
6.070178,1.000000,0.999989
6.080178,1.000000,0.999990
6.090178,1.000000,0.999990
6.100178,1.000000,0.999990
6.110178,1.000000,0.999990
6.120179,1.000000,0.999990
6.130179,1.000000,0.999991
6.140179,1.000000,0.999991
6.150179,1.000000,0.999991
6.160180,1.000000,0.999991
6.170180,1.000000,0.999991
6.180180,1.000000,0.999991
6.190180,1.000000,0.999992
6.200181,1.000000,0.999992
6.210181,1.000000,0.999992
6.220181,1.000000,0.999992
6.230181,1.000000,0.999992
6.240181,1.000000,0.999992
6.250182,1.000000,0.999993
6.260182,1.000000,0.999993
6.270182,1.000000,0.999993
6.280182,1.000000,0.999993
6.290183,1.000000,0.999993
6.300183,1.000000,0.999993
6.310183,1.000000,0.999993
6.320183,1.000000,0.999994
6.330184,1.000000,0.999994
6.340184,1.000000,0.999994
6.350184,1.000000,0.999994
6.360184,1.000000,0.999994
6.370184,1.000000,0.999994
6.380185,1.000000,0.999994
6.390185,1.000000,0.999994
6.400185,1.000000,0.999994
6.410185,1.000000,0.999995
6.420186,1.000000,0.999995
6.430186,1.000000,0.999995
6.440186,1.000000,0.999995
6.450186,1.000000,0.999995
6.460186,1.000000,0.999995
6.470187,1.000000,0.999995
6.480187,1.000000,0.999995
6.490187,1.000000,0.999995
6.500187,1.000000,0.999995
6.510188,1.000000,0.999996
6.520188,1.000000,0.999996
6.530188,1.000000,0.999996
6.540188,1.000000,0.999996
6.550189,1.000000,0.999996
6.560189,1.000000,0.999996
6.570189,1.000000,0.999996
6.580189,1.000000,0.999996
6.590189,1.000000,0.999996
6.600190,1.000000,0.999996
6.610190,1.000000,0.999996
6.620190,1.000000,0.999996
6.630190,1.000000,0.999997
6.640191,1.000000,0.999997
6.650191,1.000000,0.999997
6.660191,1.000000,0.999997
6.670191,1.000000,0.999997
6.680192,1.000000,0.999997
6.690192,1.000000,0.999997
6.700192,1.000000,0.999997
6.710192,1.000000,0.999997
6.720192,1.000000,0.999997
6.730193,1.000000,0.999997
6.740193,1.000000,0.999997
6.750193,1.000000,0.999997
6.760193,1.000000,0.999997
6.770194,1.000000,0.999997
6.780194,1.000000,0.999997
6.790194,1.000000,0.999997
6.800194,1.000000,0.999997
6.810194,1.000000,0.999998
6.820195,1.000000,0.999998
6.830195,1.000000,0.999998
6.840195,1.000000,0.999998
6.850195,1.000000,0.999998
6.860196,1.000000,0.999998
6.870196,1.000000,0.999998
6.880196,1.000000,0.999998
6.890196,1.000000,0.999998
6.900197,1.000000,0.999998
6.910197,1.000000,0.999998
6.920197,1.000000,0.999998
6.930197,1.000000,0.999998
6.940197,1.000000,0.999998
6.950198,1.000000,0.999998
6.960198,1.000000,0.999998
6.970198,1.000000,0.999998
6.980198,1.000000,0.999998
6.990199,1.000000,0.999998
7.000199,1.000000,0.999998
7.010199,1.000000,0.999998
7.020199,1.000000,0.999998
7.030200,1.000000,0.999998
7.040200,1.000000,0.999998
7.050200,1.000000,0.999999
7.060200,1.000000,0.999999
7.070200,1.000000,0.999999
7.080201,1.000000,0.999999
7.090201,1.000000,0.999999
7.100201,1.000000,0.999999
7.110201,1.000000,0.999999
7.120202,1.000000,0.999999
7.130202,1.000000,0.999999
7.140202,1.000000,0.999999
7.150202,1.000000,0.999999
7.160203,1.000000,0.999999
7.170203,1.000000,0.999999
7.180203,1.000000,0.999999
7.190203,1.000000,0.999999
7.200203,1.000000,0.999999
7.210204,1.000000,0.999999
7.220204,1.000000,0.999999
7.230204,1.000000,0.999999
7.240204,1.000000,0.999999
7.250205,1.000000,0.999999
7.260205,1.000000,0.999999
7.270205,1.000000,0.999999
7.280205,1.000000,0.999999
7.290205,1.000000,0.999999
7.300206,1.000000,0.999999
7.310206,1.000000,0.999999
7.320206,1.000000,0.999999
7.330206,1.000000,0.999999
7.340207,1.000000,0.999999
7.350207,1.000000,0.999999
7.360207,1.000000,0.999999
7.370207,1.000000,0.999999
7.380208,1.000000,0.999999
7.390208,1.000000,0.999999
7.400208,1.000000,0.999999
7.410208,1.000000,0.999999
7.420208,1.000000,0.999999
7.430209,1.000000,0.999999
7.440209,1.000000,0.999999
7.450209,1.000000,0.999999
7.460209,1.000000,0.999999
7.470210,1.000000,0.999999
7.480210,1.000000,0.999999
7.490210,1.000000,0.999999
7.500210,1.000000,0.999999
7.510211,1.000000,0.999999
7.520211,1.000000,0.999999
7.530211,1.000000,0.999999
7.540211,1.000000,0.999999
7.550211,1.000000,0.999999
7.560212,1.000000,0.999999
7.570212,1.000000,0.999999
7.580212,1.000000,0.999999
7.590212,1.000000,0.999999
7.600213,1.000000,1.000000
7.610213,1.000000,1.000000
7.620213,1.000000,1.000000
7.630213,1.000000,1.000000
7.640213,1.000000,1.000000
7.650214,1.000000,1.000000
7.660214,1.000000,1.000000
7.670214,1.000000,1.000000
7.680214,1.000000,1.000000
7.690215,1.000000,1.000000
7.700215,1.000000,1.000000
7.710215,1.000000,1.000000
7.720215,1.000000,1.000000
7.730216,1.000000,1.000000
7.740216,1.000000,1.000000
7.750216,1.000000,1.000000
7.760216,1.000000,1.000000
7.770216,1.000000,1.000000
7.780217,1.000000,1.000000
7.790217,1.000000,1.000000
7.800217,1.000000,1.000000
7.810217,1.000000,1.000000
7.820218,1.000000,1.000000
7.830218,1.000000,1.000000
7.840218,1.000000,1.000000
7.850218,1.000000,1.000000
7.860219,1.000000,1.000000
7.870219,1.000000,1.000000
7.880219,1.000000,1.000000
7.890219,1.000000,1.000000
7.900219,1.000000,1.000000
7.910220,1.000000,1.000000
7.920220,1.000000,1.000000
7.930220,1.000000,1.000000
7.940220,1.000000,1.000000
7.950221,1.000000,1.000000
7.960221,1.000000,1.000000
7.970221,1.000000,1.000000
7.980221,1.000000,1.000000
7.990222,1.000000,1.000000
8.000221,1.000000,1.000000
8.010221,1.000000,1.000000
8.020222,1.000000,1.000000
8.030222,1.000000,1.000000
8.040222,1.000000,1.000000
8.050222,1.000000,1.000000
8.060223,1.000000,1.000000
8.070223,1.000000,1.000000
8.080223,1.000000,1.000000
8.090223,1.000000,1.000000
8.100224,1.000000,1.000000
8.110224,1.000000,1.000000
8.120224,1.000000,1.000000
8.130224,1.000000,1.000000
8.140224,1.000000,1.000000
8.150225,1.000000,1.000000
8.160225,1.000000,1.000000
8.170225,1.000000,1.000000
8.180225,1.000000,1.000000
8.190226,1.000000,1.000000
8.200226,1.000000,1.000000
8.210226,1.000000,1.000000
8.220226,1.000000,1.000000
8.230227,1.000000,1.000000
8.240227,1.000000,1.000000
8.250227,1.000000,1.000000
8.260227,1.000000,1.000000
8.270227,1.000000,1.000000
8.280228,1.000000,1.000000
8.290228,1.000000,1.000000
8.300228,1.000000,1.000000
8.310228,1.000000,1.000000
8.320229,1.000000,1.000000
8.330229,1.000000,1.000000
8.340229,1.000000,1.000000
8.350229,1.000000,1.000000
8.360229,1.000000,1.000000
8.370230,1.000000,1.000000
8.380230,1.000000,1.000000
8.390230,1.000000,1.000000
8.400230,1.000000,1.000000
8.410231,1.000000,1.000000
8.420231,1.000000,1.000000
8.430231,1.000000,1.000000
8.440231,1.000000,1.000000
8.450232,1.000000,1.000000
8.460232,1.000000,1.000000
8.470232,1.000000,1.000000
8.480232,1.000000,1.000000
8.490232,1.000000,1.000000
8.500233,1.000000,1.000000
8.510233,1.000000,1.000000
8.520233,1.000000,1.000000
8.530233,1.000000,1.000000
8.540234,1.000000,1.000000
8.550234,1.000000,1.000000
8.560234,1.000000,1.000000
8.570234,1.000000,1.000000
8.580235,1.000000,1.000000
8.590235,1.000000,1.000000
8.600235,1.000000,1.000000
8.610235,1.000000,1.000000
8.620235,1.000000,1.000000
8.630236,1.000000,1.000000
8.640236,1.000000,1.000000
8.650236,1.000000,1.000000
8.660236,1.000000,1.000000
8.670237,1.000000,1.000000
8.680237,1.000000,1.000000
8.690237,1.000000,1.000000
8.700237,1.000000,1.000000
8.710238,1.000000,1.000000
8.720238,1.000000,1.000000
8.730238,1.000000,1.000000
8.740238,1.000000,1.000000
8.750238,1.000000,1.000000
8.760239,1.000000,1.000000
8.770239,1.000000,1.000000
8.780239,1.000000,1.000000
8.790239,1.000000,1.000000
8.800240,1.000000,1.000000
8.810240,1.000000,1.000000
8.820240,1.000000,1.000000
8.830240,1.000000,1.000000
8.840240,1.000000,1.000000
8.850241,1.000000,1.000000
8.860241,1.000000,1.000000
8.870241,1.000000,1.000000
8.880241,1.000000,1.000000
8.890242,1.000000,1.000000
8.900242,1.000000,1.000000
8.910242,1.000000,1.000000
8.920242,1.000000,1.000000
8.930243,1.000000,1.000000
8.940243,1.000000,1.000000
8.950243,1.000000,1.000000
8.960243,1.000000,1.000000
8.970243,1.000000,1.000000
8.980244,1.000000,1.000000
8.990244,1.000000,1.000000
9.000244,1.000000,1.000000
9.010244,1.000000,1.000000
9.020245,1.000000,1.000000
9.030245,1.000000,1.000000
9.040245,1.000000,1.000000
9.050245,1.000000,1.000000
9.060246,1.000000,1.000000
9.070246,1.000000,1.000000
9.080246,1.000000,1.000000
9.090246,1.000000,1.000000
9.100246,1.000000,1.000000
9.110247,1.000000,1.000000
9.120247,1.000000,1.000000
9.130247,1.000000,1.000000
9.140247,1.000000,1.000000
9.150248,1.000000,1.000000
9.160248,1.000000,1.000000
9.170248,1.000000,1.000000
9.180248,1.000000,1.000000
9.190248,1.000000,1.000000
9.200249,1.000000,1.000000
9.210249,1.000000,1.000000
9.220249,1.000000,1.000000
9.230249,1.000000,1.000000
9.240250,1.000000,1.000000
9.250250,1.000000,1.000000
9.260250,1.000000,1.000000
9.270250,1.000000,1.000000
9.280251,1.000000,1.000000
9.290251,1.000000,1.000000
9.300251,1.000000,1.000000
9.310251,1.000000,1.000000
9.320251,1.000000,1.000000
9.330252,1.000000,1.000000
9.340252,1.000000,1.000000
9.350252,1.000000,1.000000
9.360252,1.000000,1.000000
9.370253,1.000000,1.000000
9.380253,1.000000,1.000000
9.390253,1.000000,1.000000
9.400253,1.000000,1.000000
9.410254,1.000000,1.000000
9.420254,1.000000,1.000000
9.430254,1.000000,1.000000
9.440254,1.000000,1.000000
9.450254,1.000000,1.000000
9.460255,1.000000,1.000000
9.470255,1.000000,1.000000
9.480255,1.000000,1.000000
9.490255,1.000000,1.000000
9.500256,1.000000,1.000000
9.510256,1.000000,1.000000
9.520256,1.000000,1.000000
9.530256,1.000000,1.000000
9.540257,1.000000,1.000000
9.550257,1.000000,1.000000
9.560257,1.000000,1.000000
9.570257,1.000000,1.000000
9.580257,1.000000,1.000000
9.590258,1.000000,1.000000
9.600258,1.000000,1.000000
9.610258,1.000000,1.000000
9.620258,1.000000,1.000000
9.630259,1.000000,1.000000
9.640259,1.000000,1.000000
9.650259,1.000000,1.000000
9.660259,1.000000,1.000000
9.670259,1.000000,1.000000
9.680260,1.000000,1.000000
9.690260,1.000000,1.000000
9.700260,1.000000,1.000000
9.710260,1.000000,1.000000
9.720261,1.000000,1.000000
9.730261,1.000000,1.000000
9.740261,1.000000,1.000000
9.750261,1.000000,1.000000
9.760262,1.000000,1.000000
9.770262,1.000000,1.000000
9.780262,1.000000,1.000000
9.790262,1.000000,1.000000
9.800262,1.000000,1.000000
9.810263,1.000000,1.000000
9.820263,1.000000,1.000000
9.830263,1.000000,1.000000
9.840263,1.000000,1.000000
9.850264,1.000000,1.000000
9.860264,1.000000,1.000000
9.870264,1.000000,1.000000
9.880264,1.000000,1.000000
9.890265,1.000000,1.000000
9.900265,1.000000,1.000000
9.910265,1.000000,1.000000
9.920265,1.000000,1.000000
9.930265,1.000000,1.000000
9.940266,1.000000,1.000000
9.950266,1.000000,1.000000
9.960266,1.000000,1.000000
9.970266,1.000000,1.000000
9.980267,1.000000,1.000000
9.990267,1.000000,1.000000
